ID,Semantic_category
67209791,tops
207649566,tops
150410679,tops
119675801,tops
137340654,tops
155081440,tops
208263363,tops
145545629,tops
210715845,tops
197923351,tops
185288593,tops
115642502,tops
207095268,tops
53582208,tops
76216315,tops
202144728,tops
53356228,tops
184611406,tops
165779803,tops
130364233,tops
204257147,tops
203761515,tops
212090364,tops
124499440,tops
167700629,tops
194913922,tops
140954466,tops
187974453,tops
182855481,tops
91156239,tops
32643113,tops
169264924,tops
184596570,tops
78244212,tops
53133692,tops
156494158,tops
144613427,tops
66003524,tops
207089967,tops
86164334,tops
209027600,tops
182698240,tops
201826547,tops
146049454,tops
172822587,tops
86914942,tops
137099874,tops
206838879,tops
97821590,tops
144338811,tops
190733639,tops
88039148,tops
108345265,tops
166538368,tops
137077255,tops
202885615,tops
146825740,tops
140990791,tops
134248324,tops
206567100,tops
86998353,tops
203722505,tops
134899362,tops
117577224,tops
139259966,tops
109694543,tops
204834283,tops
32994947,tops
210017328,tops
209817077,tops
127487178,tops
190010274,tops
152513808,tops
26845409,tops
202163272,tops
145766081,tops
115282252,tops
90933702,tops
114285771,tops
144967899,tops
111701438,tops
161877271,tops
40266019,tops
208609237,tops
160782027,tops
183551943,tops
133643339,tops
201583504,tops
57060275,tops
214346173,tops
208315682,tops
161568039,tops
143847358,tops
71287500,tops
145868667,tops
212087148,tops
188633367,tops
191682097,tops
118416005,tops
150289838,tops
212082384,tops
213377601,tops
116648462,tops
207925675,tops
185956598,tops
165572276,tops
186976924,tops
147361327,tops
182571421,tops
10702871,tops
150351506,tops
140031097,tops
146340716,tops
117388716,tops
147562685,tops
166373967,tops
141660508,tops
194824468,tops
179808423,tops
36270033,tops
157555738,tops
56449996,tops
150094152,tops
52861058,tops
127222927,tops
61184318,tops
124961312,tops
189553159,tops
74833400,tops
64196834,tops
147239018,tops
208631574,tops
193529648,tops
113471011,tops
37920553,tops
132844199,tops
126477290,tops
98193469,tops
214266513,tops
213319398,tops
140760485,tops
215493081,tops
183949657,tops
195827050,tops
97881077,tops
187079729,tops
143935411,tops
63162029,tops
103078921,tops
158844938,tops
207312777,tops
107114098,tops
137515355,tops
191896856,tops
149179877,tops
178762033,tops
207800895,tops
210089337,tops
206322735,tops
147835666,tops
206127211,tops
119320148,tops
120662936,tops
63022309,tops
164323557,tops
177220075,tops
108840796,tops
208139760,tops
200034994,tops
212872338,tops
169931444,tops
125097833,tops
171222658,tops
192212042,tops
75773069,tops
156855389,tops
212197744,tops
170648634,tops
118502942,tops
110545141,tops
167233327,tops
153560691,tops
185739750,tops
118158543,tops
203633464,tops
180062408,tops
130900225,tops
72655925,tops
214938862,tops
185503492,tops
192898508,tops
147933956,tops
178831647,tops
121066679,tops
165762175,tops
191102297,tops
210292173,tops
23187220,tops
206404750,tops
27620557,tops
149210158,tops
201786857,tops
119667886,tops
180470263,tops
196951505,tops
189944705,tops
151645039,tops
184613746,tops
211445193,tops
211893354,tops
169698661,tops
163344555,tops
164081310,tops
187956073,tops
209360411,tops
67804678,tops
195498377,tops
191892178,tops
83057341,tops
95257423,tops
173207284,tops
166271813,tops
166968410,tops
190164838,tops
95196449,tops
133699927,tops
213870221,tops
174841101,tops
79156870,tops
145038463,tops
178469968,tops
213186982,tops
188742829,tops
24103828,tops
171533326,tops
135585143,tops
206074027,tops
154919645,tops
207962768,tops
157233453,tops
156726298,tops
209754438,tops
146038206,tops
178831289,tops
210272599,tops
207559861,tops
183596730,tops
96882592,tops
64494232,tops
66582748,tops
107447515,tops
210822767,tops
60480145,tops
21783302,tops
212962666,tops
101987834,tops
203329929,tops
208609774,tops
120400962,tops
162193144,tops
171522490,tops
158346728,tops
208493078,tops
195770067,tops
180474281,tops
209956276,tops
209505560,tops
116609569,tops
214321252,tops
183653881,tops
138301206,tops
137784177,tops
213717504,tops
169737213,tops
72818655,tops
134534874,tops
200602199,tops
141958435,tops
188408212,tops
131480270,tops
186869152,tops
149737226,tops
116983489,tops
211429176,tops
58773199,tops
157035896,tops
106378677,tops
134413993,tops
132959168,tops
165781705,tops
84080847,tops
162319676,tops
159935349,tops
197315593,tops
212900881,tops
114778579,tops
143448783,tops
202760727,tops
84513997,tops
209532179,tops
189244976,tops
148428075,tops
172382477,tops
195092882,tops
64319815,tops
143949484,tops
193291165,tops
193832535,tops
94272999,tops
140229742,tops
138341310,tops
211507878,tops
30851594,tops
209514290,tops
209171108,tops
190313243,tops
83243066,tops
85929558,tops
159363134,tops
56073470,tops
191056508,tops
209056319,tops
207095458,tops
205477044,tops
83732691,tops
181520362,tops
135145806,tops
212296736,tops
188367188,tops
96521744,tops
121026006,tops
140961144,tops
206298935,tops
212757030,tops
24977490,tops
212639106,tops
188113299,tops
139118931,tops
145647173,tops
20573402,tops
84295361,tops
195996543,tops
171002378,tops
78068561,tops
189516561,tops
203031648,tops
206981459,tops
148995162,tops
160827791,tops
161426421,tops
39277991,tops
150456764,tops
172402368,tops
177403910,tops
168505613,tops
126877331,tops
62094133,tops
211000181,tops
190433829,tops
195990282,tops
139860482,tops
70221266,tops
214249855,tops
200089416,tops
129380880,tops
147659845,tops
146280490,tops
122248723,tops
156115187,tops
188350750,tops
117708620,tops
199559228,tops
109939081,tops
170490062,tops
168117980,tops
111435371,tops
192417177,tops
187107310,tops
185802354,tops
212008917,tops
146174982,tops
159932033,tops
184083795,tops
160710152,tops
214249926,tops
204210510,tops
153294955,tops
209800127,tops
73369726,tops
207145528,tops
97849056,tops
192139882,tops
134446108,tops
149094273,tops
142852805,tops
201536110,tops
20816718,tops
180259335,tops
77767091,tops
209830062,tops
197146858,tops
210384461,tops
190217910,tops
129669506,tops
193687425,tops
208966301,tops
113974673,tops
24408972,tops
61878543,tops
181364552,tops
194818001,tops
95655285,tops
166642256,tops
37559871,tops
183390804,tops
79470852,tops
202324811,tops
174466352,tops
115229597,tops
170070690,tops
80059645,tops
194648468,tops
85775936,tops
143987676,tops
192586803,tops
125588750,tops
84754893,tops
138273241,tops
201201124,tops
79142763,tops
195582187,tops
130512815,tops
177328161,tops
17563947,tops
204247948,tops
191302449,tops
153380307,tops
201868444,tops
204121640,tops
159163224,tops
131052215,tops
101212954,tops
157415984,tops
192957239,tops
158224683,tops
197195508,tops
172510911,tops
174899152,tops
111555797,tops
205796851,tops
205408943,tops
187553882,tops
65435899,tops
137187491,tops
62692758,tops
209922182,tops
141694716,tops
60089677,tops
58373636,tops
14678432,tops
131865256,tops
168304740,tops
208729591,tops
168571611,tops
50860907,tops
155714006,tops
128191884,tops
200128845,tops
23535108,tops
161431516,tops
183999946,tops
146256651,tops
115027443,tops
98595486,tops
81141282,tops
136805321,tops
152586311,tops
162513105,tops
115780869,tops
88233093,tops
120547953,tops
212559693,tops
212559698,tops
73931462,tops
180371248,tops
46324151,tops
123347249,tops
18527869,tops
204300755,tops
67879186,tops
112377466,tops
36553609,tops
32499208,tops
135219220,tops
185944114,tops
206294645,tops
128104775,tops
144784837,tops
135797760,tops
136218370,tops
211229875,tops
116136756,tops
178410282,tops
184195884,tops
141697574,tops
209128860,tops
173191662,tops
22671892,tops
197844944,tops
67904450,tops
111273640,tops
181986659,tops
118700277,tops
159033894,tops
203051828,tops
69723106,tops
128430372,tops
204298322,tops
138565553,tops
210546340,tops
197388359,tops
78516068,tops
57603252,tops
114505663,tops
146831495,tops
133741820,tops
12465525,tops
167604591,tops
143189788,tops
102590682,tops
133327568,tops
86313622,tops
90318948,tops
215634492,tops
145038078,tops
201795092,tops
183317303,tops
119788569,tops
189395371,tops
150135310,tops
70698521,tops
23738326,tops
133820913,tops
194254461,tops
177067655,tops
214550595,tops
126167343,tops
211809944,tops
177730490,tops
101785577,tops
208961514,tops
211141251,tops
204302917,tops
174145673,tops
126151602,tops
75543864,tops
151345525,tops
180496016,tops
199172051,tops
120263353,tops
101087212,tops
174178307,tops
32563181,tops
211159880,tops
145252306,tops
208990887,tops
7273629,tops
177162449,tops
204372929,tops
98888108,tops
42058283,tops
86907471,tops
124146847,tops
127530091,tops
94762243,tops
193827650,tops
137786349,tops
186692370,tops
214631099,tops
206640791,tops
97656492,tops
159604284,tops
112999160,tops
204036160,tops
138198884,tops
153236628,tops
98895870,tops
198211473,tops
168341300,tops
121027288,tops
211881854,tops
204821205,tops
91946795,tops
49923815,tops
209927247,tops
194578883,tops
163780285,tops
214581170,tops
209672235,tops
198544517,tops
172666244,tops
145244873,tops
190220243,tops
192457093,tops
198332989,tops
203728637,tops
95842604,tops
26038482,tops
169207957,tops
73674579,tops
125917326,tops
142675652,tops
186143606,tops
74708991,tops
172057200,tops
176988038,tops
49032600,tops
63909317,tops
119113285,tops
165031882,tops
206288574,tops
94220295,tops
157073481,tops
129335043,tops
203055973,tops
65828455,tops
135182241,tops
75581781,tops
179532387,tops
169276516,tops
18453503,tops
147987747,tops
47195839,tops
15128648,tops
63451233,tops
172256808,tops
145281561,tops
121649538,tops
211555519,tops
209955474,tops
182550416,tops
201092835,tops
151878945,tops
26750543,tops
138408906,tops
202464821,tops
33610672,tops
142877892,tops
183522979,tops
204269067,tops
176105076,tops
184553167,tops
203643808,tops
153278806,tops
120997119,tops
73612021,tops
135670583,tops
181343056,tops
149980585,tops
152240214,tops
167153578,tops
119021702,tops
1230720,tops
32356245,tops
193097330,tops
174809383,tops
200082065,tops
209742048,tops
142304929,tops
194894530,tops
211553702,tops
162409397,tops
104688826,tops
207720737,tops
215633597,tops
57465336,tops
205302837,tops
202576645,tops
175111989,tops
157587280,tops
81245318,tops
194246887,tops
133217288,tops
161320679,tops
207235382,tops
205037886,tops
184793895,tops
195983434,tops
208938481,tops
146067068,tops
200906978,tops
191403405,tops
91070521,tops
207663897,tops
158864355,tops
192065409,tops
209585695,tops
88609373,tops
159586900,tops
212860584,tops
195717296,tops
180295394,tops
207252252,tops
76429614,tops
75813117,tops
173207050,tops
148227727,tops
71975095,tops
144394034,tops
92057908,tops
130462786,tops
96480513,tops
199620018,tops
50705463,tops
162044461,tops
113629384,tops
209921511,tops
168000094,tops
114536691,tops
101135627,tops
113903745,tops
140514702,tops
172517359,tops
171250457,tops
154879704,tops
200769866,tops
50464666,tops
118963988,tops
198098920,tops
134702509,tops
154882851,tops
104626964,tops
197180643,tops
170358115,tops
206204126,tops
68187368,tops
95243339,tops
184092890,tops
141504729,tops
174073733,tops
191025585,tops
203885223,tops
75232432,tops
208781029,tops
177005690,tops
100939516,tops
39664453,tops
196041149,tops
63429577,tops
150338813,tops
199906185,tops
80662477,tops
168366582,tops
203886444,tops
123774064,tops
123491342,tops
153809894,tops
131479620,tops
72521741,tops
188904807,tops
191641530,tops
66022425,tops
151346542,tops
209857791,tops
178987600,tops
160241817,tops
208673999,tops
207459613,tops
151535344,tops
154651474,tops
122356878,tops
59719511,tops
187695296,tops
157868581,tops
191242770,tops
214249100,tops
135638853,tops
209488922,tops
202783221,tops
145322980,tops
41586019,tops
53038803,tops
87876674,tops
179514282,tops
155749101,tops
109616817,tops
163617563,tops
55964481,tops
185186166,tops
86218372,tops
81420025,tops
153347144,tops
201642288,tops
202167228,tops
64192798,tops
147929878,tops
167971092,tops
110732223,tops
184445262,tops
200129630,tops
139739495,tops
39129381,tops
189593708,tops
182587466,tops
214292739,tops
202232277,tops
58112030,tops
125299894,tops
118883110,tops
130085519,tops
143842215,tops
90017122,tops
155260549,tops
196851200,tops
56662383,tops
201620605,tops
40837654,tops
143185117,tops
110023459,tops
175471768,tops
199615611,tops
146819283,tops
184752035,tops
118087757,tops
193137389,tops
45691229,tops
58031963,tops
70935923,tops
149218644,tops
180378925,tops
215502641,tops
42472842,tops
112425197,tops
95283036,tops
153031662,tops
207095030,tops
203446209,tops
211575408,tops
195470569,tops
149843980,tops
43311450,tops
198529324,tops
191622368,tops
181769029,tops
210378897,tops
201826113,tops
138551204,tops
64400164,tops
195503116,tops
130788109,tops
154816908,tops
129606896,tops
130300887,tops
203447583,tops
191111515,tops
143802624,tops
184797196,tops
181027074,tops
137047387,tops
164720959,tops
145416972,tops
209564910,tops
146255037,tops
41282437,tops
154249722,tops
93366711,tops
172937869,tops
51916189,tops
146663610,tops
182735020,tops
203154762,tops
140741467,tops
183400652,tops
193275510,tops
157526544,tops
166381692,tops
63823165,tops
170463302,tops
197305573,tops
143872043,tops
172318461,tops
70615198,tops
204286223,tops
165479425,tops
73468049,tops
105272244,tops
212942950,tops
196104095,tops
203308990,tops
212394823,tops
64757962,tops
109133062,tops
187312569,tops
142952528,tops
137834956,tops
191570909,tops
111251845,tops
206496875,tops
166057263,tops
193586731,tops
208336649,tops
212333604,tops
182998227,tops
196169657,tops
195996171,tops
28976376,tops
151721082,tops
213281709,tops
209246784,tops
166404408,tops
145603678,tops
211671967,tops
168880427,tops
93156371,tops
35577568,tops
109653880,tops
76900259,tops
159726438,tops
158862130,tops
54467118,tops
61828151,tops
79453776,tops
103589816,tops
177961679,tops
143141920,tops
101681076,tops
145404789,tops
182262217,tops
150255891,tops
11652756,tops
195857879,tops
174191971,tops
92828126,tops
207557930,tops
191699985,tops
70259865,tops
181513656,tops
187839721,tops
177427452,tops
106335031,tops
78553874,tops
58836611,tops
208700665,tops
82484535,tops
137648281,tops
199480595,tops
192096306,tops
172574226,tops
108275041,tops
195750481,tops
205816411,tops
191533419,tops
195884163,tops
92203730,tops
80711445,tops
53356441,tops
101355380,tops
197489893,tops
208695045,tops
68663001,tops
187579981,tops
113099942,tops
186516487,tops
177407753,tops
146688487,tops
141000786,tops
159670799,tops
141332753,tops
122249720,tops
102740573,tops
168559481,tops
163884931,tops
170867243,tops
170606917,tops
117616062,tops
103481431,tops
192745223,tops
108724624,tops
202780224,tops
153416335,tops
204896163,tops
64252793,tops
60566430,tops
138720805,tops
127095582,tops
78305445,tops
206555216,tops
180286595,tops
38347418,tops
112569357,tops
149835557,tops
196800786,tops
183633709,tops
192369044,tops
205302600,tops
156524362,tops
205050347,tops
160238806,tops
136068675,tops
156261357,tops
160082973,tops
201841936,tops
126847722,tops
209106655,tops
18870376,tops
202109609,tops
174772305,tops
121499102,tops
151996207,tops
106416264,tops
187315686,tops
136036659,tops
82812082,tops
135698190,tops
188480348,tops
180363734,tops
89330838,tops
34176180,tops
145850872,tops
125930818,tops
118559254,tops
89548796,tops
206285817,tops
127769067,tops
209281446,tops
153692253,tops
34573528,tops
92600274,tops
198393155,tops
145628526,tops
50447332,tops
157849832,tops
105551127,tops
59227648,tops
103797064,tops
113425823,tops
115720954,tops
79137620,tops
200686634,tops
188336271,tops
147275682,tops
203568973,tops
153534057,tops
156524259,tops
116802154,tops
54588222,tops
134926738,tops
210943371,tops
68674292,tops
131539979,tops
205022294,tops
113104595,tops
201267156,tops
197030789,tops
89664259,tops
65582488,tops
121719882,tops
126399244,tops
95224045,tops
195141763,tops
19763955,tops
152418111,tops
212356281,tops
140964862,tops
203886314,tops
18429735,tops
179137915,tops
128222302,tops
68187372,tops
214983943,tops
153786151,tops
51338192,tops
155839826,tops
204296088,tops
168406428,tops
183754757,tops
128946968,tops
81211733,tops
210544460,tops
194536015,tops
153627143,tops
209711184,tops
203858581,tops
211503780,tops
100166343,tops
187661804,tops
129514157,tops
143845649,tops
183795216,tops
11104973,tops
146242606,tops
195092713,tops
154518343,tops
196908175,tops
44335837,tops
186692574,tops
183846741,tops
25303615,tops
168717418,tops
145868463,tops
183679096,tops
199270762,tops
156040800,tops
154121217,tops
80215227,tops
198998658,tops
180360044,tops
145962909,tops
73758653,tops
189409662,tops
59628406,tops
179716556,tops
148994950,tops
209804986,tops
125032931,tops
190858243,tops
154588516,tops
214408787,tops
197388106,tops
161856455,tops
112720029,tops
117787918,tops
156999910,tops
141857607,tops
42936789,tops
195587472,tops
204953077,tops
191200306,tops
194650437,tops
211442244,tops
213940788,tops
190230378,tops
190230375,tops
172847311,tops
205326736,tops
200232155,tops
202263095,tops
113725418,tops
207624559,tops
210204991,tops
206757890,tops
192365137,tops
164779045,tops
173387649,tops
48444005,tops
108060608,tops
59502701,tops
210630832,tops
197868676,tops
108756909,tops
204084662,tops
206185482,tops
206282095,tops
37919664,tops
196006404,tops
209380599,tops
96347472,tops
156537507,tops
171486003,tops
201133006,tops
210488262,tops
186204979,tops
59897312,tops
117582554,tops
140965013,tops
110028430,tops
185967610,tops
97011158,tops
177677598,tops
70395983,tops
178549809,tops
181552509,tops
208490947,tops
207401976,tops
144344884,tops
108939283,tops
163780727,tops
141810669,tops
184497247,tops
190510573,tops
54806403,tops
198752589,tops
167705438,tops
110500413,tops
190492290,tops
207224296,tops
60621934,tops
159972397,tops
211838097,tops
77726477,tops
64509828,tops
62738364,tops
175947065,tops
210303320,tops
84416827,tops
207097487,tops
62481084,tops
177581164,tops
197774591,tops
67680171,tops
153958615,tops
164175111,tops
200507269,tops
164222396,tops
154936189,tops
146483084,tops
97901963,tops
201702942,tops
114776341,tops
70623462,tops
114431672,tops
208637874,tops
162863140,tops
92713587,tops
199460902,tops
154144127,tops
206338762,tops
105606204,tops
179664569,tops
159135590,tops
153083166,tops
176180048,tops
195540860,tops
151357913,tops
166745602,tops
206128606,tops
202546070,tops
188035521,tops
141014079,tops
48438148,tops
64180702,tops
136317099,tops
163590727,tops
91621278,tops
171174637,tops
57918957,tops
41563927,tops
189864099,tops
138785963,tops
209471663,tops
181167676,tops
207248672,tops
170646358,tops
158071516,tops
164309647,tops
62884316,tops
160696281,tops
213513399,tops
135848044,tops
183946107,tops
123805806,tops
115291004,tops
35320114,tops
115841158,tops
179109789,tops
124490590,tops
115464358,tops
133720224,tops
37975725,tops
150575018,tops
12649240,tops
188463322,tops
11423025,tops
148721027,tops
188147101,tops
111676032,tops
140593889,tops
172522417,tops
191015970,tops
138900378,tops
204628965,tops
183391603,tops
132787787,tops
209506512,tops
181796200,tops
158184817,tops
104232612,tops
106692325,tops
191611888,tops
75714579,tops
97959794,tops
132372376,tops
169156003,tops
91321468,tops
163113520,tops
172786845,tops
108857270,tops
208724368,tops
173627610,tops
53398867,tops
195178663,tops
206492552,tops
102271084,tops
131149709,tops
63891394,tops
212415930,tops
147917821,tops
179106239,tops
194746319,tops
182412934,tops
51541465,tops
215432793,tops
54709475,tops
213417812,tops
209165593,tops
211045708,tops
204845698,tops
209130149,tops
202799172,tops
31994725,tops
212856694,tops
194287423,tops
201915757,tops
126716174,tops
137928558,tops
134900076,tops
71652230,tops
55551273,tops
188378123,tops
139814869,tops
190143804,tops
81826143,tops
209170183,tops
156959062,tops
183606880,tops
71681641,tops
43069203,tops
107181065,tops
211080986,tops
207923686,tops
185304824,tops
209212032,tops
34207002,tops
204296716,tops
176746855,tops
194321254,tops
70999369,tops
210566061,tops
174563903,tops
30657610,tops
79599311,tops
62726077,tops
144744916,tops
75604057,tops
207869589,tops
187072564,tops
117304325,tops
171361332,tops
152507454,tops
129744039,tops
126859498,tops
192292931,tops
155044799,tops
166443058,tops
214255386,tops
152501704,tops
147936802,tops
141034306,tops
93702411,tops
26769976,tops
179047305,tops
124313438,tops
131109195,tops
126689146,tops
110653878,tops
211237619,tops
180654667,tops
146709617,tops
21944498,tops
55216962,tops
164988458,tops
97780433,tops
196190727,tops
214374799,tops
112092953,tops
97678794,tops
166036761,tops
173567667,tops
101703173,tops
119961849,tops
139874018,tops
192931447,tops
178460816,tops
204153420,tops
207943110,tops
98034602,tops
198773471,tops
207720883,tops
209497609,tops
129235008,tops
125281239,tops
99936646,tops
176850008,tops
146258834,tops
201544142,tops
163176501,tops
69022429,tops
158096050,tops
115530191,tops
152471457,tops
211092676,tops
198169120,tops
203884929,tops
131478090,tops
99551093,tops
155233591,tops
125915499,tops
53840313,tops
135349432,tops
164927733,tops
193614378,tops
109304607,tops
208731646,tops
184183306,tops
142461763,tops
84704412,tops
116712499,tops
167876668,tops
168955377,tops
157808262,tops
149711513,tops
165127928,tops
51041166,tops
213387391,tops
118327716,tops
189318309,tops
208961765,tops
194408985,tops
108704392,tops
126420701,tops
173962255,tops
185742336,tops
126481812,tops
173205866,tops
133538060,tops
193217027,tops
212249867,tops
91880379,tops
149202414,tops
204423486,tops
208248162,tops
178060999,tops
186094815,tops
156264808,tops
18385766,tops
110247359,tops
64366574,tops
90134690,tops
150371878,tops
54429717,tops
195483486,tops
106242683,tops
118355551,tops
42139036,tops
60342740,tops
49663253,tops
8180485,tops
207487203,tops
69193718,tops
193479573,tops
178955984,tops
196007340,tops
210214586,tops
43386969,tops
91005816,tops
159049503,tops
121971218,tops
112176358,tops
155845259,tops
170018648,tops
123618632,tops
183099156,tops
168441304,tops
213733149,tops
212088857,tops
64238371,tops
61353245,tops
31569763,tops
189308905,tops
55327199,tops
204719993,tops
133219917,tops
187708876,tops
155219309,tops
184632657,tops
109591059,tops
67255216,tops
125552491,tops
183050996,tops
200769662,tops
110193499,tops
166237957,tops
206681737,tops
146635491,tops
195609325,tops
188648311,tops
173047938,tops
172713824,tops
177853878,tops
151981179,tops
162498340,tops
103102812,tops
147268461,tops
86313871,tops
64627846,tops
150976406,tops
210314588,tops
188186594,tops
173104113,tops
51908748,tops
135901129,tops
201885794,tops
147380892,tops
117491723,tops
148030706,tops
129383135,tops
122194480,tops
193302090,tops
94672298,tops
89193482,tops
4257312,tops
177478808,tops
118098310,tops
192857122,tops
146241376,tops
202401254,tops
208750281,tops
97958414,tops
191551883,tops
167531330,tops
79994042,tops
116696844,tops
104134992,tops
159574720,tops
106159386,tops
112369858,tops
211667402,tops
106176889,tops
152106754,tops
53355902,tops
181249774,tops
213410996,tops
182452979,tops
211124106,tops
192611125,tops
106269794,tops
186199526,tops
71546002,tops
201818472,tops
192427572,tops
192101306,tops
109930589,tops
124751828,tops
197300627,tops
183385210,tops
169192558,tops
173528505,tops
175156371,tops
33878744,tops
208451218,tops
207812803,tops
106852815,tops
90713978,tops
139859577,tops
205868468,tops
130003966,tops
87029836,tops
121286617,tops
193586580,tops
206285724,tops
101389892,tops
28908398,tops
164364354,tops
116131972,tops
138469554,tops
77257347,tops
114378447,tops
208300370,tops
151043423,tops
58053444,tops
37496899,tops
180652200,tops
110006471,tops
204492765,tops
172878532,tops
123343660,tops
205370712,tops
127129859,tops
117768177,tops
182228735,tops
131764286,tops
186474609,tops
213343566,tops
88304535,tops
141062611,tops
90097673,tops
107056784,tops
32559189,tops
86915627,tops
200415041,tops
198859318,tops
92243723,tops
182845903,tops
74871071,tops
73782746,tops
188114014,tops
135366068,tops
205858794,tops
78383058,tops
132545051,tops
103624981,tops
155619342,tops
140742398,tops
211547235,tops
128212235,tops
213084777,tops
206218690,tops
90795630,tops
98014961,tops
187519395,tops
11232364,tops
118983495,tops
163580515,tops
123301563,tops
122814641,tops
150236349,tops
31394312,tops
202768175,tops
138012207,tops
42425959,tops
155434367,tops
195299793,tops
122015860,tops
194926401,tops
184044769,tops
196908807,tops
209530209,tops
173736569,tops
190546540,tops
98086650,tops
101388973,tops
195990956,tops
155592296,tops
148866605,tops
146598301,tops
210345318,tops
105714757,tops
73709094,tops
150954042,tops
205200483,tops
137102097,tops
140532847,tops
200738460,tops
210075118,tops
176125816,tops
191302788,tops
183758661,tops
156381836,tops
101871587,tops
156387411,tops
173120061,tops
77529116,tops
86650916,tops
196656733,tops
53881309,tops
213708660,tops
92205757,tops
118625228,tops
168735172,tops
212788162,tops
49094720,tops
117487362,tops
207123731,tops
174074207,tops
132704981,tops
134253592,tops
127752167,tops
152166321,tops
154162964,tops
215565039,tops
125969377,tops
167451870,tops
203046181,tops
74255426,tops
176323306,tops
69366514,tops
203555270,tops
116210151,tops
57332594,tops
125000577,tops
150831797,tops
183182442,tops
130876461,tops
203150461,tops
59458691,tops
154210922,tops
195892462,tops
205079962,tops
168129100,tops
212076990,tops
129218887,tops
152359609,tops
53693621,tops
201540001,tops
180655247,tops
189544049,tops
212907656,tops
192351342,tops
214013171,tops
80152487,tops
142486494,tops
173357137,tops
162129080,tops
150920076,tops
148452853,tops
107825603,tops
207036697,tops
157097756,tops
72988165,tops
78611262,tops
177739049,tops
8839072,tops
194254591,tops
215209233,tops
82574478,tops
4491923,tops
49364294,tops
151934569,tops
208142277,tops
205424711,tops
153065784,tops
194642111,tops
210599337,tops
145096419,tops
196605605,tops
136655936,tops
126910308,tops
75508902,tops
17651830,tops
178673553,tops
182571524,tops
145331409,tops
184722537,tops
160419706,tops
204388175,tops
141343864,tops
24390398,tops
184707670,tops
66536721,tops
102197983,tops
115442177,tops
196368779,tops
24845839,tops
109099548,tops
191972862,tops
92428481,tops
184295682,tops
173431050,tops
205037257,tops
88305625,tops
154708383,tops
162943117,tops
193355244,tops
157443377,tops
93756917,tops
177121838,tops
135517944,tops
143013421,tops
81204428,tops
114559171,tops
180363163,tops
215023908,tops
192824591,tops
58464951,tops
34966151,tops
184751961,tops
200016440,tops
211974382,tops
112747769,tops
195075282,tops
112607179,tops
67473955,tops
86277087,tops
121673024,tops
180487502,tops
126777966,tops
42932292,tops
130890719,tops
179317766,tops
165042769,tops
184736805,tops
101125692,tops
187838228,tops
214820428,tops
29575797,tops
103075616,tops
163611974,tops
205022450,tops
94787879,tops
157449261,tops
91036691,tops
152639574,tops
172365979,tops
174104716,tops
197532295,tops
122082425,tops
204448074,tops
178442579,tops
210702532,tops
99467335,tops
196208319,tops
195518287,tops
45740703,tops
153061485,tops
202106970,tops
197210881,tops
194047309,tops
146633149,tops
170457242,tops
184813508,tops
51286908,tops
53015733,tops
145334073,tops
120824060,tops
207205439,tops
88850594,tops
176845679,tops
159373083,tops
149915279,tops
147767111,tops
136823901,tops
171448821,tops
124630149,tops
134691478,tops
154036843,tops
214228745,tops
212835123,tops
110929378,tops
113059171,tops
64236400,tops
177531304,tops
157717270,tops
187691006,tops
166404370,tops
174459307,tops
130872690,tops
138220924,tops
195700828,tops
50397033,tops
146950425,tops
169092995,tops
39885348,tops
163710461,tops
176305370,tops
200803565,tops
70730780,tops
154968595,tops
204510429,tops
144326016,tops
89406225,tops
86066155,tops
153698562,tops
176080881,tops
142088521,tops
47795415,tops
146329857,tops
211202920,tops
136617802,tops
206882660,tops
139085533,tops
203622771,tops
185215896,tops
85373910,tops
71924215,tops
135965756,tops
131008172,tops
205346163,tops
197976154,tops
201519408,tops
145541763,tops
33316624,tops
150709028,tops
164030298,tops
158785426,tops
188330358,tops
74285953,tops
164341729,tops
85810850,tops
124318443,tops
161137633,tops
13074792,tops
167163447,tops
191531087,tops
185767506,tops
192322882,tops
180936629,tops
82217792,tops
112003459,tops
31877917,tops
176849310,tops
192361371,tops
174018504,tops
203773427,tops
116511103,tops
163915848,tops
25265158,tops
207423956,tops
174777100,tops
185864525,tops
144388111,tops
140962181,tops
145942258,tops
202091932,tops
169259808,tops
116795037,tops
213184164,tops
116910243,tops
132025966,tops
211906866,tops
178826572,tops
150826243,tops
192162319,tops
158277139,tops
138266438,tops
85271760,tops
186704071,tops
67402587,tops
126782373,tops
185849582,tops
103771698,tops
98797078,tops
201226817,tops
134462887,tops
100172052,tops
104769127,tops
163669039,tops
153130700,tops
97219272,tops
169901041,tops
205461550,tops
151000558,tops
201152713,tops
135517704,tops
197960751,tops
203523736,tops
135533276,tops
75930872,tops
210744467,tops
191773208,tops
202547349,tops
138012215,tops
62983437,tops
53483522,tops
88126548,tops
10736296,tops
154974082,tops
168594325,tops
167227338,tops
211406023,tops
201497503,tops
201088160,tops
98166991,tops
134497743,tops
199545767,tops
204306688,tops
147888352,tops
33755217,tops
174531482,tops
127423795,tops
156597242,tops
138638938,tops
213772905,tops
51664325,tops
207721026,tops
185667042,tops
198268212,tops
114418893,tops
54526393,tops
140870559,tops
191311157,tops
174702862,tops
203652972,tops
204767260,tops
137627029,tops
137150786,tops
127517125,tops
93321280,tops
121606000,tops
127547966,tops
210332830,tops
124089219,tops
187256682,tops
9595635,tops
172914415,tops
144751621,tops
120020523,tops
201891549,tops
120455498,tops
209291059,tops
92278067,tops
76931796,tops
157052904,tops
140735541,tops
167569153,tops
157408801,tops
138081878,tops
87188999,tops
127198676,tops
87703515,tops
206338380,tops
211913356,tops
75984174,tops
178559314,tops
212029216,tops
118683111,tops
178559319,tops
155841882,tops
147433100,tops
43073588,tops
149542282,tops
178260386,tops
130301733,tops
198732042,tops
136478320,tops
141374833,tops
69300323,tops
1027065,tops
58607011,tops
43710865,tops
25171417,tops
75732531,tops
150408295,tops
112541467,tops
205840980,tops
188327545,tops
129393785,tops
180220791,tops
123557736,tops
183679703,tops
213837593,tops
168372520,tops
53125427,tops
145681601,tops
207201640,tops
194312041,tops
176985101,tops
199146525,tops
73111991,tops
188901197,tops
98170080,tops
146471894,tops
161278574,tops
122356831,tops
187652888,tops
147797656,tops
139909204,tops
203219302,tops
181237504,tops
103001679,tops
174048777,tops
212115670,tops
188788487,tops
197342872,tops
175742886,tops
179558144,tops
211084967,tops
193987899,tops
204843177,tops
153703729,tops
212150267,tops
140329186,tops
116308533,tops
131990418,tops
204612577,tops
215678103,tops
66292900,tops
197005945,tops
85173189,tops
63891443,tops
201993472,tops
148475980,tops
150716652,tops
207990966,tops
186060103,tops
154829554,tops
196162139,tops
153265856,tops
130740370,tops
116959520,tops
116946966,tops
197344975,tops
135183999,tops
199129074,tops
48097502,tops
104714520,tops
199806259,tops
41089812,tops
180716408,tops
152066628,tops
144588015,tops
200029845,tops
42028375,tops
171872024,tops
213335167,tops
171796186,tops
197719659,tops
212060899,tops
154743029,tops
63985907,tops
207158994,tops
117628797,tops
76914495,tops
211905699,tops
126594719,tops
145115951,tops
62457606,tops
189760692,tops
196970676,tops
120454171,tops
140445256,tops
87025833,tops
105425732,tops
209923438,tops
172519599,tops
127789888,tops
178907525,tops
139001817,tops
116108137,tops
194289698,tops
140514463,tops
202553609,tops
117252332,tops
168605428,tops
197868899,tops
116632294,tops
114553193,tops
22208222,tops
213700190,tops
69453427,tops
154210574,tops
61260502,tops
163787652,tops
154086168,tops
81527247,tops
184102143,tops
110101796,tops
188218965,tops
45378906,tops
48461686,tops
116240600,tops
203213315,tops
155588375,tops
70212184,tops
186725012,tops
194599167,tops
160519769,tops
207688293,tops
35576843,tops
112747624,tops
178798276,tops
79072187,tops
48711511,tops
134277113,tops
104760680,tops
173121409,tops
126769212,tops
113816076,tops
149303295,tops
177127699,tops
186209997,tops
153539092,tops
141825906,tops
156457052,tops
148982424,tops
177124255,tops
207814381,tops
138537231,tops
109884229,tops
211037500,tops
206511556,tops
133789577,tops
155682418,tops
199864667,tops
104462185,tops
117215526,tops
148733698,tops
113046651,tops
134367590,tops
197418396,tops
139263930,tops
141199466,tops
102579974,tops
152925543,tops
180742031,tops
209968775,tops
43986099,tops
166969151,tops
211222129,tops
141033877,tops
200785087,tops
214402801,tops
64946114,tops
151784662,tops
13655815,tops
80080955,tops
65913560,tops
105834582,tops
60423411,tops
79476665,tops
130669056,tops
112653833,tops
210965050,tops
5324471,tops
166122781,tops
131963550,tops
95891587,tops
111924684,tops
142714039,tops
122643622,tops
198218383,tops
65453504,tops
54449136,tops
199559272,tops
68422982,tops
215078961,tops
187956979,tops
114162753,tops
172234126,tops
5855736,tops
141444328,tops
189918501,tops
207351770,tops
188050696,tops
135600084,tops
73529954,tops
127522772,tops
138609221,tops
153066247,tops
128774745,tops
150144219,tops
201510827,tops
167327552,tops
202981560,tops
97766731,tops
192183479,tops
200038969,tops
202546721,tops
166525387,tops
179067062,tops
180380570,tops
127336826,tops
208415981,tops
113342263,tops
161199900,tops
154692141,tops
129879974,tops
116758723,tops
177854951,tops
36480851,tops
203885328,tops
93241359,tops
208161211,tops
124824022,tops
189105440,tops
155622538,tops
201736162,tops
183395437,tops
202730768,tops
44571383,tops
77434653,tops
16762652,tops
130542690,tops
199265911,tops
148846175,tops
188035876,tops
213198151,tops
80184180,tops
174589013,tops
75239089,tops
195724973,tops
181340867,tops
182695315,tops
170455384,tops
20199609,tops
187195401,tops
25009729,tops
111468935,tops
204289363,tops
140993386,tops
182418313,tops
186863613,tops
133440258,tops
123778037,tops
117357707,tops
160510393,tops
165781745,tops
96636273,tops
158077199,tops
178192802,tops
157015485,tops
134995465,tops
86266623,tops
82964963,tops
191051636,tops
181361595,tops
145311204,tops
215222578,tops
52250424,tops
76312055,tops
203647684,tops
56768986,tops
188215990,tops
171176703,tops
172305526,tops
62825513,tops
112470915,tops
205362046,tops
200030672,tops
123250292,tops
78955036,tops
100428043,tops
212228743,tops
150320882,tops
196073214,tops
214454481,tops
169051369,tops
78890228,tops
146538920,tops
153558830,tops
185296567,tops
161260487,tops
139257703,tops
165103457,tops
183205651,tops
174470199,tops
208742206,tops
210745108,tops
210745102,tops
201173634,tops
203208828,tops
40356127,tops
205409930,tops
176736654,tops
212949500,tops
33141368,tops
150968425,tops
184614643,tops
94187222,tops
133965241,tops
86350144,tops
190262452,tops
206299742,tops
113744434,tops
44171152,tops
131197476,tops
92982029,tops
172684470,tops
154232548,tops
50220457,tops
5532876,tops
86520609,tops
100712333,tops
144678423,tops
66018435,tops
93950955,tops
110742114,tops
83200436,tops
192874927,tops
92639877,tops
183851891,tops
75743066,tops
172352711,tops
111129139,tops
176166552,tops
111989215,tops
176853110,tops
150239407,tops
185215828,tops
77858298,tops
203490313,tops
193917839,tops
196123827,tops
124355497,tops
145612549,tops
204940241,tops
52772271,tops
38399697,tops
146833067,tops
126040325,tops
125587171,tops
6662860,tops
142949961,tops
65521152,tops
91209892,tops
104032713,tops
88222966,tops
176738669,tops
107224395,tops
161956360,tops
157028868,tops
171576246,tops
206970143,tops
206340617,tops
55959165,tops
118520633,tops
119657612,tops
173765552,tops
213346966,tops
188213925,tops
192152398,tops
199591942,tops
188852245,tops
212478119,tops
128099370,tops
129677758,tops
160686915,tops
204451867,tops
207765267,tops
125641645,tops
204859780,tops
164918382,tops
135657124,tops
182777762,tops
44044344,tops
164255596,tops
195374977,tops
147322908,tops
181041425,tops
162648542,tops
181602769,tops
112291906,tops
157383353,tops
64184064,tops
179876003,tops
202238076,tops
197562395,tops
160144710,tops
102217958,tops
99630747,tops
212739762,tops
103104921,tops
71331111,tops
169705984,tops
152158883,tops
163438497,tops
187121734,tops
152322835,tops
79634647,tops
142283109,tops
208175583,tops
211920089,tops
203445791,tops
102562843,tops
125664256,tops
187561106,tops
107564646,tops
159347394,tops
185198333,tops
191702907,tops
199720717,tops
194716532,tops
208076511,tops
198799438,tops
29498216,tops
142088753,tops
105671902,tops
31407198,tops
45072921,tops
202363444,tops
120397060,tops
212848358,tops
61515027,tops
42106626,tops
141426524,tops
164561052,tops
195955941,tops
140228485,tops
34837948,tops
143685300,tops
3946291,tops
95113718,tops
65922360,tops
199340525,tops
211035081,tops
74027347,tops
211543881,tops
194227241,tops
126122248,tops
164561481,tops
99969655,tops
207525687,tops
198508899,tops
201651435,tops
213557650,tops
153715283,tops
160414907,tops
187571451,tops
183077401,tops
78507749,tops
119152687,tops
163869342,tops
134848630,tops
3556377,tops
66677485,tops
131493764,tops
189121156,tops
93920852,tops
214291552,tops
208351783,tops
134853973,tops
108690305,tops
158502237,tops
211581867,tops
112458665,tops
6558150,tops
58890368,tops
152891660,tops
51408711,tops
163795318,tops
195292135,tops
155201275,tops
62823199,tops
183686351,tops
127129773,tops
213811620,tops
195925898,tops
185172813,tops
119138316,tops
154880877,tops
183987744,tops
179882125,tops
55657767,tops
169023044,tops
202246335,tops
195737834,tops
138263784,tops
140885049,tops
212894837,tops
76663259,tops
20679612,tops
149537697,tops
118523856,tops
187254049,tops
215277709,tops
183730631,tops
158870231,tops
135484146,tops
184423403,tops
191892633,tops
131399437,tops
167374397,tops
97624246,tops
78882435,tops
196015097,tops
128590269,tops
3203858,tops
78911205,tops
78574757,tops
156895528,tops
130287707,tops
147713237,tops
169599739,tops
196444904,tops
155686418,tops
176959861,tops
181119965,tops
185213831,tops
130408096,tops
194318524,tops
101780382,tops
163968440,tops
114607896,tops
202459749,tops
98070520,tops
83240933,tops
200505985,tops
136473964,tops
154831085,tops
40938891,tops
52610863,tops
113458858,tops
185304318,tops
194442786,tops
46078329,tops
151963117,tops
122467595,tops
204784504,tops
207071730,tops
37821955,tops
201499448,tops
189698091,tops
157351176,tops
18044077,tops
68576496,tops
191056489,tops
93546465,tops
205638633,tops
66943923,tops
59218726,tops
123143966,tops
76908777,tops
205119683,tops
206186704,tops
149082682,tops
188213546,tops
75701095,tops
158012133,tops
166396437,tops
180955174,tops
32846066,tops
67559783,tops
188237655,tops
177298643,tops
207722665,tops
194696597,tops
189910816,tops
207659916,tops
195499202,tops
206293149,tops
200225317,tops
134087223,tops
206730683,tops
156384835,tops
126773775,tops
18392474,tops
76089071,tops
61903284,tops
190478332,tops
150590041,tops
109143778,tops
150896713,tops
191241262,tops
97745456,tops
201905119,tops
215506052,tops
123250023,tops
129092408,tops
49693212,tops
121243911,tops
38765900,tops
98873598,tops
37164183,tops
65474091,tops
146420172,tops
194135128,tops
74501268,tops
208715103,tops
136816097,tops
147739563,tops
127786638,tops
208446453,tops
195545670,tops
145703278,tops
115088754,tops
173855564,tops
193172538,tops
122067992,tops
87801547,tops
134945146,tops
41664550,tops
187590681,tops
209658260,tops
203886580,tops
200801698,tops
205363381,tops
164269466,tops
117361515,tops
183205054,tops
190820953,tops
65415824,tops
104190004,tops
206821208,tops
197368088,tops
208741976,tops
105064367,tops
53514447,tops
87618834,tops
134411478,tops
189318879,tops
87157030,tops
214047451,tops
128754043,tops
179672651,tops
86344599,tops
208022685,tops
64536372,tops
75414793,tops
201177320,tops
43143134,tops
201588392,tops
206688184,tops
205352556,tops
179795458,tops
183795535,tops
137656598,tops
11473417,tops
167531587,tops
203524326,tops
148515510,tops
194579053,tops
151729103,tops
48034939,tops
137992567,tops
33413366,tops
171550135,tops
205412194,tops
125476338,tops
15314680,tops
141080224,tops
194107315,tops
65533331,tops
208855189,tops
204946370,tops
195164229,tops
201044588,tops
127316594,tops
106839400,tops
52145013,tops
201156286,tops
183946046,tops
109062347,tops
14855520,tops
25588206,tops
143007731,tops
200767476,tops
66143857,tops
195385872,tops
164362983,tops
153644094,tops
212242063,tops
172822673,tops
119092198,tops
137567098,tops
200794479,tops
186726521,tops
94332021,tops
158864245,tops
150382411,tops
191810344,tops
87856466,tops
101546848,tops
178411532,tops
173543476,tops
152605313,tops
165032008,tops
137830440,tops
138186274,tops
172515865,tops
214820924,tops
146648934,tops
197937361,tops
38274602,tops
110014594,tops
85451160,tops
140107824,tops
126394831,tops
116574832,tops
83133334,tops
190491052,tops
197343656,tops
205061794,tops
192274840,tops
143135813,tops
114716062,tops
126033790,tops
20573268,tops
64798006,tops
213084049,tops
179637187,tops
199970000,tops
141781025,tops
27168708,tops
129339677,tops
209577129,tops
170632489,tops
64356094,tops
159834068,tops
176703742,tops
187972930,tops
147821005,tops
132385314,tops
91303889,tops
55005532,tops
191673907,tops
140812367,tops
104066993,tops
103847282,tops
195524353,tops
194769066,tops
192047541,tops
148022577,tops
139945265,tops
165667291,tops
114276236,tops
213807826,tops
103194171,tops
112048052,tops
201800422,tops
73611713,tops
54528677,tops
140502493,tops
179932626,tops
139822819,tops
77169795,tops
152171632,tops
144907737,tops
114276782,tops
189305984,tops
180795071,tops
213747059,tops
209214869,tops
150564123,tops
204610670,tops
138804694,tops
200842342,tops
209870174,tops
126821690,tops
182068760,tops
150802832,tops
211035137,tops
197651233,tops
214970236,tops
140295877,tops
119397527,tops
23455240,tops
59123186,tops
81498052,tops
7295047,tops
195545272,tops
144452903,tops
212205686,tops
201924843,tops
145420361,tops
169067846,tops
210384275,tops
174385815,tops
160416404,tops
201249248,tops
144508125,tops
203886210,tops
92822136,tops
193973628,tops
213466315,tops
184710877,tops
186380417,tops
176456914,tops
49200684,tops
210717480,tops
209884520,tops
29991785,tops
114254458,tops
22165983,tops
189410004,tops
189087149,tops
85055197,tops
101230605,tops
192886993,tops
165756392,tops
145294843,tops
189536855,tops
201814626,tops
94347999,tops
75384771,tops
136802857,tops
162887253,tops
192784057,tops
156884338,tops
212325495,tops
196300750,tops
197316325,tops
88788232,tops
169001871,tops
106412706,tops
129922199,tops
95743320,tops
34370287,tops
184920627,tops
186168969,tops
214631122,tops
126865253,tops
20005981,tops
212093696,tops
130659457,tops
192234028,tops
118205292,tops
199950464,tops
205725757,tops
137022086,tops
172207434,tops
96395404,tops
177223325,tops
109143849,tops
155552883,tops
117248454,tops
206677351,tops
165223013,tops
143678356,tops
34583036,tops
210769606,tops
4514636,tops
189305442,tops
113647896,tops
167013501,tops
150631334,tops
78813837,tops
195601119,tops
179269683,tops
39195460,tops
92184381,tops
153531949,tops
211179313,tops
10607625,tops
182330686,tops
72411220,tops
132349589,tops
105501442,tops
192382788,tops
159280261,tops
154448078,tops
204827203,tops
119278044,tops
101604816,tops
138346830,tops
201380289,tops
203539029,tops
196375847,tops
192246151,tops
123394791,tops
199723728,tops
125297867,tops
212049141,tops
162886279,tops
141465944,tops
104126624,tops
186778608,tops
130173343,tops
111559016,tops
134862408,tops
58520334,tops
107972563,tops
96296981,tops
27215870,tops
211967519,tops
60799193,tops
82171339,tops
149827578,tops
203917021,tops
72947999,tops
28794025,tops
134205034,tops
183883874,tops
59162737,tops
180382993,tops
110957576,tops
211489163,tops
152633090,tops
60803551,tops
153857170,tops
184933527,tops
177856911,tops
127143402,tops
93012794,tops
195568435,tops
173184153,tops
199306926,tops
209189620,tops
122326228,tops
137889820,tops
9361252,tops
156385247,tops
65367509,tops
204979072,tops
181704426,tops
129875228,tops
149718478,tops
113763838,tops
74850663,tops
131861801,tops
67441187,tops
206826159,tops
79629694,tops
152289576,tops
188577387,tops
211507315,tops
150901056,tops
113559462,tops
139493238,tops
64378415,tops
130660196,tops
149642121,tops
181671263,tops
200362070,tops
191770406,tops
70653181,tops
81028577,tops
199551935,tops
190901485,tops
208429045,tops
140479786,tops
97740720,tops
172408550,tops
95668016,tops
209659492,tops
200298353,tops
144184698,tops
188127480,tops
104617061,tops
194577293,tops
170650298,tops
109490714,tops
76081914,tops
208881110,tops
169043432,tops
65696545,tops
127143718,tops
179670223,tops
183222419,tops
182548114,tops
166732851,tops
85468147,tops
196337508,tops
166514141,tops
192770173,tops
56009881,tops
195499325,tops
185658260,tops
159641425,tops
108309595,tops
160787570,tops
208674006,tops
112870158,tops
143075226,tops
208086366,tops
211395954,tops
121120249,tops
208742167,tops
206723105,tops
110650131,tops
194942014,tops
119386851,tops
106488415,tops
127930482,tops
36236152,tops
190878944,tops
101004637,tops
191315642,tops
189922676,tops
119988930,tops
111712004,tops
140171466,tops
139427772,tops
60300462,tops
150230611,tops
177321910,tops
157615818,tops
115902161,tops
214320109,tops
206293233,tops
213995011,tops
194477989,tops
154884869,tops
176773933,tops
203500825,tops
202483161,tops
89626857,tops
202284476,tops
200673024,tops
191476573,tops
142643086,tops
127293077,tops
52297245,tops
202919714,tops
206087522,tops
177914972,tops
184359647,tops
168532357,tops
73953229,tops
173886310,tops
97238095,tops
193885896,tops
172992736,tops
115500722,tops
114354190,tops
204296103,tops
161434505,tops
184943381,tops
176675943,tops
155664055,tops
193521962,tops
86085958,tops
178966883,tops
149486696,tops
165123294,tops
105095221,tops
170424683,tops
213364999,tops
212882933,tops
11986137,tops
193349808,tops
208636722,tops
170033783,tops
137445285,tops
175133578,tops
62537115,tops
158685030,tops
115437548,tops
201753250,tops
56051523,tops
106186030,tops
205416233,tops
201074209,tops
185087452,tops
200108581,tops
24577954,tops
198510062,tops
171494813,tops
150233251,tops
73707774,tops
141089820,tops
132871272,tops
110717311,tops
212794818,tops
47615814,tops
143701863,tops
115871288,tops
191898237,tops
118876288,tops
133360991,tops
157475040,tops
194267081,tops
137744510,tops
129028319,tops
168837945,tops
76860994,tops
207603571,tops
150553886,tops
184169257,tops
205282331,tops
106738492,tops
191662616,tops
205586897,tops
171158940,tops
194386702,tops
204635095,tops
181009080,tops
154869972,tops
171345594,tops
8981298,tops
156932726,tops
179062732,tops
67700522,tops
201765454,tops
53644863,tops
140974248,tops
97971027,tops
132428515,tops
208641808,tops
63568131,tops
79995158,tops
206695959,tops
167352002,tops
160147658,tops
206301481,tops
157657238,tops
177311923,tops
103130999,tops
191110442,tops
97367815,tops
195326832,tops
196088802,tops
113083379,tops
14814328,tops
209057152,tops
179546983,tops
209942147,tops
119962047,tops
39066656,tops
202461904,tops
64342485,tops
8089954,tops
210160470,tops
130769986,tops
213103558,tops
204887621,tops
154475680,tops
157711639,tops
142327911,tops
74512337,tops
209385252,tops
142442040,tops
167183961,tops
182857316,tops
187163397,tops
115862495,tops
135317096,tops
127600340,tops
208442397,tops
204623017,tops
211227539,tops
214581128,tops
86449809,tops
214603189,tops
197502662,tops
61485467,tops
22165980,tops
183719889,tops
181155028,tops
210981827,tops
125837140,tops
155153960,tops
207095144,tops
140734284,tops
201320862,tops
183743678,tops
201262455,tops
192690145,tops
191285914,tops
131779244,tops
206687502,tops
134978024,tops
85718292,tops
203936372,tops
136478446,tops
70963303,tops
207098205,tops
95982638,tops
61445050,tops
172457010,tops
156511557,tops
193256012,tops
187415425,tops
105583368,tops
173086208,tops
185906447,tops
203886190,tops
192934655,tops
151781400,tops
206266107,tops
189589139,tops
141346708,tops
132707948,tops
195525219,tops
121916513,tops
188765891,tops
197307051,tops
178473680,tops
192361837,tops
120710726,tops
197664774,tops
29212295,tops
215014383,tops
115041056,tops
115649280,tops
191086949,tops
31601973,tops
129001610,tops
144725994,tops
118737199,tops
154539288,tops
77014387,tops
108756945,tops
198401395,tops
204392893,tops
157942374,tops
107611862,tops
176467338,tops
165719835,tops
115777103,tops
145295034,tops
59133721,tops
169781066,tops
61347990,tops
205651207,tops
188210187,tops
208692225,tops
207834732,tops
133851294,tops
187193632,tops
103498562,tops
138360561,tops
164101322,tops
29180670,tops
192729182,tops
138605647,tops
203061891,tops
98994091,tops
99133289,tops
45300712,tops
132071317,tops
130729428,tops
200667274,tops
201174582,tops
93189575,tops
96375647,tops
145028899,tops
183264703,tops
206845925,tops
164019564,tops
207760069,tops
202738823,tops
201990509,tops
188573623,tops
144556795,tops
188111924,tops
151372729,tops
206926423,tops
40474213,tops
184538464,tops
147123019,tops
196317417,tops
208709664,tops
150344307,tops
178675773,tops
189698159,tops
55909437,tops
185028495,tops
53922976,tops
197785050,tops
138527092,tops
147778371,tops
160124212,tops
194048516,tops
202613190,tops
158667250,tops
214049961,tops
164629522,tops
196163473,tops
201150904,tops
200991274,tops
65987387,tops
206509471,tops
174548184,tops
206780493,tops
214911161,tops
213427138,tops
4957425,tops
122163202,tops
84190037,tops
178197073,tops
118805403,tops
205232308,tops
99502630,tops
196474971,tops
189122825,tops
184102168,tops
183756068,tops
195890590,tops
131396469,tops
135404517,tops
199444353,tops
210767863,tops
178046208,tops
210372276,tops
147987221,tops
191689918,tops
167690917,tops
211602757,tops
202899916,tops
193622106,tops
75205154,tops
177741230,tops
68250731,tops
203965428,tops
121599202,tops
191216580,tops
47873116,tops
63595993,tops
156023183,tops
32618904,tops
125093601,tops
110024520,tops
202143637,tops
210595391,tops
126923658,tops
145936340,tops
117971726,tops
154291929,tops
156526791,tops
66998661,tops
208350458,tops
142879906,tops
146630286,tops
140770609,tops
15325315,tops
171710481,tops
193986170,tops
137692878,tops
212848252,tops
50963379,tops
183361671,tops
159834802,tops
177348445,tops
49577341,tops
45176139,tops
80602576,tops
206860124,tops
141584692,tops
139252531,tops
211667541,tops
189427501,tops
203251063,tops
94595064,tops
188742058,tops
169022189,tops
191636495,tops
137742911,tops
147706873,tops
175020711,tops
70677968,tops
149057318,tops
132254693,tops
89627210,tops
195519334,tops
205098308,tops
127001872,tops
165152081,tops
158592556,tops
87222357,tops
203043766,tops
49933292,tops
90869005,tops
97945694,tops
145471453,tops
176301464,tops
67844542,tops
196644733,tops
194895235,tops
138220883,tops
205463688,tops
188176042,tops
179906585,tops
187561855,tops
46409605,tops
122129156,tops
100736445,tops
106211344,tops
85825218,tops
132200636,tops
202594570,tops
168182731,tops
213471851,tops
209176444,tops
209862741,tops
50453262,tops
196152756,tops
192284201,tops
65678045,tops
184942165,tops
171679288,tops
205804353,tops
76075646,tops
185642254,tops
147406759,tops
212868723,tops
81109116,tops
76184639,tops
152886236,tops
132762406,tops
153515930,tops
118271398,tops
158904024,tops
164553209,tops
135697649,tops
188063945,tops
172433924,tops
51793289,tops
67698150,tops
204293453,tops
119515636,tops
202289246,tops
160708650,tops
62969438,tops
144760711,tops
183255732,tops
181727178,tops
161602305,tops
66847833,tops
170689447,tops
35706062,tops
187873887,tops
139426898,tops
86914999,tops
160104044,tops
68993485,tops
196132460,tops
191525439,tops
197114642,tops
199507146,tops
152627759,tops
173374319,tops
93262659,tops
165898000,tops
143630134,tops
179902666,tops
128434591,tops
57399443,tops
123906358,tops
192597394,tops
181069684,tops
98279797,tops
154793878,tops
158493448,tops
208927587,tops
133866132,tops
203404481,tops
185319981,tops
50971043,tops
156841444,tops
61094016,tops
200257714,tops
184321461,tops
49051537,tops
