compatibility,item_1,item_2,item_3,item_4
1,161950492,209505560,50235496,200639682
1,162996731,101135627,117877491,195873414
1,206536282,69300323,190314312,14810374
1,203564214,176456914,208018949,169945818
1,161953860,112003459,174610981,104665298
1,115201200,93012794,110789206,111949710
1,162736113,174589013,143697682,175119477
1,162300401,168955377,172447802,169662939
1,214329063,176988038,116201835,213458656
1,176682288,183077401,176773631,181732574
1,209988175,208674006,212844190,209194647
1,173221745,168571611,176317729,171142714
1,32455935,36270033,33543651,33912340
1,102682879,70963303,104537950,108278603
1,194256050,191570909,201436222,197197834
1,208468550,212356281,209734699,209808819
1,193146341,163669039,183378741,188161594
1,211462903,210384275,211699006,209375418
1,61044212,64378415,67485461,65019071
1,203010475,210769606,206505311,192969187
1,202008513,179109789,89456717,177648624
1,182619108,188111924,148623786,178839117
1,82702834,86907471,38732150,108151646
1,147924345,213103558,209015727,213665954
1,202025235,201826113,200343636,179049884
1,69316831,68674292,67059624,67801643
1,206663394,179670223,206994342,129525041
1,108373225,113725418,110178861,110683716
1,77959463,78611262,78511641,78238418
1,192528116,199950464,199951967,199770266
1,213357156,214249855,214537021,211145017
1,197164022,201544142,190492367,206233559
1,73653208,45691229,72897232,84029192
1,163263319,1027065,179218523,161502641
1,105465833,119397527,89743690,113720013
1,202858470,206301481,174961494,206285685
1,178476811,195498377,161498471,205092148
1,95995613,118271398,88136653,118133081
1,76072366,136473964,130482958,133516503
1,188379161,184596570,186193811,186767710
1,125766446,113629384,124184976,130272990
1,55108786,1230720,44432219,50270560
1,192935178,185944114,192552573,149624008
1,215585515,214603189,207946500,214502858
1,206061273,200298353,198105364,194498259
1,156248058,157028868,148293424,157043290
1,169004728,82574478,65234060,171484959
1,211412517,211159880,184485577,204086724
1,80067796,84416827,75158018,73576542
1,188901866,188901197,188901497,171050077
1,119875439,86066155,119592293,97851403
1,175179793,168532357,176114818,174540804
1,208152780,210314588,209998885,211162164
1,204975400,196088802,142138982,209916964
1,99596387,67255216,105542978,77133423
1,42219137,49577341,38790394,48680804
1,167967668,167451870,202128855,195775735
1,93992710,191056489,209345765,211978861
1,175914182,154162964,181696609,181278063
1,185863201,195884163,147582750,193781982
1,200879611,190901485,185349059,196732657
1,47814328,60799193,61756906,56373179
1,207214996,208742206,205019396,203490174
1,206367601,207603571,205103414,205565891
1,131589764,33610672,143596665,136201747
1,176720394,195545272,181251476,157195547
1,31480454,31994725,35106476,26668202
1,200350529,197342872,194883650,176993998
1,186521426,183633709,187614877,183858460
1,204230814,211429176,213043315,198345101
1,207429949,171222658,209710387,213583775
1,175295945,196375847,165221051,62900359
1,78599516,73111991,77096071,69093354
1,204639793,197418396,209555110,208626557
1,88674532,104232612,110677576,99307137
1,207162326,210214586,209168634,211689043
1,196151265,181027074,192882961,187961425
1,172140723,192101306,188453627,181871768
1,77355409,77169795,71007312,75694809
1,132841100,126865253,127625234,119187682
1,181873612,157555738,182677879,183639308
1,213750382,210566061,209439949,213944669
1,195911103,195925898,193931963,194823169
1,182299699,212559693,203678750,194095658
1,206641404,194536015,206511495,213014664
1,161172541,171158940,206683100,203516847
1,156575288,73758653,129656441,156345814
1,174770445,177311923,176599337,176222096
1,120004557,119113285,119965295,113448011
1,181162017,181552509,68532028,142029154
1,209279100,167700629,206564053,205539094
1,209925185,209830062,193824639,209830079
1,47270149,49200684,51852695,48752340
1,181635034,146648934,185919671,195589636
1,90132729,181602769,188638670,151872885
1,154486757,154210574,154762387,154809993
1,147369308,145962909,123528799,130524219
1,204942331,205200483,189693758,205431544
1,61044212,75773069,77991006,71632597
1,206568866,195983434,178797625,211951597
1,211812604,209128860,178461625,214029076
1,66049378,65828455,8550510,63744172
1,206469058,201990509,206891371,210232487
1,196270089,195990956,185943155,196267012
1,155982343,155839826,154706983,131138208
1,166767395,168117980,164728445,166627266
1,82737614,35320114,79949526,65081740
1,125505700,111701438,102929606,46703243
1,195628755,208855189,209470735,209470224
1,165016181,176985101,190300966,196574702
1,120945474,166404370,147024925,102512067
1,44613420,53483522,52674867,34487006
1,40174617,64342485,52152090,62987607
1,179795518,183795535,145969598,141375288
1,90218720,90017122,93451517,67787166
1,134691092,136218370,135776482,133905862
1,177763670,176845679,162640444,178074536
1,187287927,169698661,183993843,167298126
1,179787935,141444328,186582314,196574702
1,124921177,164341729,127186090,55819885
1,175297829,211222129,208283772,211834131
1,97205267,104769127,86371040,85931830
1,157432503,155686418,133375738,65832301
1,178407284,200686634,167699777,179330387
1,92307165,97901963,94814378,93575463
1,158328008,174470199,126560658,167752441
1,88277782,118355551,48767574,78621187
1,211021216,209246784,211024336,210303388
1,77282796,47795415,76821402,49213997
1,144801459,183182442,187291632,193464105
1,184612826,202738823,186773988,195560194
1,160969970,183395437,178799388,67502141
1,192793071,181769029,169413238,122738235
1,98277408,63823165,17524591,89039753
1,73519266,70999369,70626735,73021724
1,192367050,146038206,193725173,198512727
1,206235275,207201640,207270498,187299553
1,198592916,165042769,203472685,167267835
1,194257911,204492765,201455078,204940047
1,172714931,172713824,172724058,172713269
1,203488858,209291059,196065595,193565445
1,76860479,78911205,68644403,77256797
1,204107602,201620605,205757415,193955197
1,206531178,206723105,206430384,194361962
1,208064742,203043766,160813640,205500207
1,150978725,171486003,175468194,166278993
1,76662746,75984174,50234355,76733839
1,158495034,178473680,170355567,157195547
1,52982549,82812082,89048846,93410653
1,163081155,145942258,159668735,163679375
1,164877666,195700828,154697230,207838791
1,53846605,86998353,89627102,56968193
1,154581453,159834068,158589766,141903600
1,83535683,116574832,112973891,15723124
1,209947567,214820428,188977938,214340591
1,177427735,203643808,191310170,202766008
1,171665125,157097756,168224191,150979033
1,193030336,211881854,212844190,212170088
1,113471430,162193144,168797620,172119764
1,203501429,151963117,205820989,206379911
1,159376785,201795092,153438840,71993501
1,178984009,203154762,205177840,205177789
1,194282438,154121217,184116387,154120995
1,159910969,162943117,166675908,163787702
1,121687059,115027443,118169985,121723450
1,201314159,201540001,182233142,191213417
1,202878786,202464821,197272660,179916410
1,189699989,189536855,190300966,172706076
1,78848318,71681641,53869625,77002776
1,82443051,154879704,33841594,64091620
1,182660665,174145673,183032278,145948495
1,75707929,101780382,50235496,105240574
1,214787593,213427138,214575072,200223412
1,197972563,195996171,152220306,192966244
1,207065130,203936372,204628054,211640483
1,203017192,173627610,205750787,200700834
1,49041759,44571383,58177803,55721809
1,178559912,176736654,171683025,178709289
1,167843452,86164334,151274054,203580759
1,159158818,138266438,143945870,143803182
1,173874867,186209997,88298252,159779117
1,116953617,112747769,67087194,53205987
1,180884112,140812367,196124307,189046573
1,211022436,211445193,143804916,211944051
1,177522465,177427452,176645928,177522398
1,181811331,208490947,201939267,173495908
1,180759503,179906585,165233298,154937089
1,194821143,171679288,170052113,193252017
1,206999662,192886993,195102261,130096473
1,179031651,193217027,192771432,191321451
1,164461764,167971092,163094406,118133081
1,156355974,148982424,154706983,141873497
1,154215969,150709028,114997420,145126815
1,62156052,132959168,101711354,22883062
1,189765815,172937869,192562884,192429460
1,137868811,138263784,140363374,127749437
1,107784642,115780869,113266913,109042133
1,130643975,134945146,135094921,111529634
1,135668891,127336826,132213507,137612002
1,204723795,202899916,194379737,204723379
1,61596907,62825513,53360713,30226372
1,127468847,155592296,156387967,151450658
1,201963728,52250424,188828124,194154216
1,182651121,14855520,205441849,9622513
1,125551638,212090364,193620268,205101226
1,50772156,179876003,207195440,191702609
1,153990492,145096419,7300145,202246588
1,197418010,215633597,96221070,146027938
1,177731546,179637187,170904692,181881650
1,192198769,178559319,168679648,209336523
1,78262674,78516068,78117265,79829159
1,189677431,183795216,191644560,185154923
1,191404130,200129630,160024333,198105525
1,93832326,95196449,47316736,99527158
1,157636847,143678356,157616522,68526163
1,150407048,151043423,153814537,158228635
1,148708755,183730631,185293541,185954202
1,213253242,212949500,212837034,213243001
1,128009744,83200436,76911191,82755532
1,158718960,159049503,151772829,170283938
1,203804963,201156286,173003255,195299666
1,146925504,155153960,155728727,143216512
1,177991519,210767863,169045975,210626557
1,195437398,196007340,128648739,193479520
1,185482825,137786349,211189918,135334529
1,89590091,81109116,73846223,81724265
1,144736101,150716652,142286770,137694409
1,132681047,131963550,100659317,132466628
1,195939776,172522417,185936822,194749333
1,127468847,140228485,136966864,144430640
1,180566349,139252531,193518893,174448447
1,204628357,205326736,199857444,183407150
1,131420957,141000786,143852448,203933556
1,204247992,208637874,190829137,203920446
1,206904548,211179313,205807240,201480472
1,82399872,103847282,100357175,102984085
1,154603644,153703729,121572798,140958602
1,102985347,67700522,80174712,82187486
1,178042138,100428043,206589048,75738650
1,98066034,109616817,105998533,77280975
1,121952971,20816718,39059296,87077188
1,113749534,108704392,137381407,110183291
1,200253605,185739750,200248864,141926948
1,110951400,140171466,145022610,137460814
1,123282118,129922199,130886290,118422240
1,210104512,202594570,207680915,120461943
1,204134261,186143606,205939072,198491256
1,105346807,106211344,99469904,105930869
1,196356868,195483486,204703901,205274987
1,95846249,91303889,112607812,94793968
1,85338955,66847833,131058548,123856292
1,132534858,194577293,128019484,201181970
1,154532719,152359609,152998750,155131792
1,193551265,157415984,188640797,190975943
1,123814899,111989215,8495818,127502491
1,162520224,152240214,157703333,162841710
1,109870166,160104044,160116931,127189106
1,99923242,117388716,183166706,23434915
1,180465465,181069684,182300744,185308631
1,212524001,214631099,213394260,201139729
1,213023427,205416233,188261628,201291074
1,202524669,202783221,213873033,209792305
1,182659353,191302788,184100337,181164474
1,205574049,202919714,183032278,200793052
1,138886553,40266019,31083657,166329246
1,173924308,181167676,178720928,178475011
1,153510121,196006404,193930121,199539877
1,206873017,208493078,145809785,179677524
1,76175390,43710865,67087194,64084102
1,142687746,190433829,74389242,207024496
1,206885929,209506512,204383324,208614375
1,72730630,79453776,80124554,76079048
1,184510351,171576246,193133187,200223130
1,196983775,188577387,194883650,192581617
1,209952145,212848252,157692277,212848233
1,114101214,106378677,131892457,115588701
1,210627079,208161211,211736198,197768677
1,117094114,101355380,112602789,22103494
1,190279032,201201124,199668793,196846275
1,192938666,192770173,193948267,193722670
1,210638346,199615611,130917091,208699542
1,195902399,192784057,194470149,185063887
1,208764380,206074027,207002599,195145062
1,209400873,205816411,205911253,209444649
1,154848428,154475680,184263551,187982769
1,202943882,193355244,170157657,191625773
1,128091961,47195839,119892988,166271922
1,207709991,138638938,206571439,127603202
1,212275533,212835123,197682232,212769887
1,135794791,135797760,138330423,138496145
1,133429997,121286617,113257216,133719008
1,191764703,196851200,198410963,192969187
1,134387137,144678423,145580195,145585684
1,186263060,188330358,188762416,195902450
1,126824660,135533276,134012061,138877662
1,191860228,198098920,198746104,198227036
1,177991519,156381836,142716989,174816216
1,74171640,72947999,62990782,78075719
1,201776647,202109609,207194893,183639308
1,15079238,26038482,14556471,14430215
1,75104112,75604057,66753639,75603904
1,104476553,105064367,106537482,105551486
1,77899829,135697649,8987188,151495930
1,60759589,58053444,60387648,59583100
1,206615769,177739049,190486274,185053751
1,143603075,137648281,145065201,145212745
1,145504116,207812803,206978579,207518201
1,146861132,141857607,149321309,138129101
1,60671555,64184064,68505948,69421578
1,114864299,113744434,102274212,123879061
1,212204932,196015097,196316373,201891088
1,6516822,4957425,8139101,8449029
1,155869691,157383353,146832832,156532515
1,65590693,172305526,154021864,152882443
1,158494797,172234126,170543269,161083752
1,203783358,198859318,181801987,205033697
1,205334268,211543881,211257579,205826202
1,174546911,160416404,179116919,172104922
1,210447315,210630832,95751783,213083867
1,181241775,197030789,213443759,212582050
1,208856053,207721026,116929247,207037321
1,197617872,173207284,185157026,198336932
1,30736254,20573268,7765544,9370091
1,207658213,209530209,147446070,209658862
1,127508739,152240214,149987948,155694209
1,205181822,209862741,199892015,209921819
1,162223915,122356831,88308339,194302044
1,215215467,194648468,209979211,214768658
1,206907175,211967519,210426620,202169736
1,48585911,18385766,34109288,761682
1,209888290,209281446,166935805,14812771
1,13328619,11232364,11302534,12188780
1,187147430,185802354,186601667,178623694
1,191311255,191311157,191313764,191223191
1,201845615,202163272,201779954,202716418
1,181140072,182698240,178124136,178830262
1,204935867,203308990,206825423,205885004
1,87704243,87876674,59453969,88603140
1,158673674,160147658,153155641,157516112
1,167296282,201891549,182904496,201893857
1,125362501,146241376,150528436,149949587
1,212228064,211575408,212400156,210630716
1,121876228,103624981,108770479,101127745
1,205135940,204767260,206138657,185937432
1,111093925,113425823,119454341,117015800
1,169194192,164081310,87292421,186064613
1,201598381,196163473,169807557,178543419
1,210280836,212942950,212179893,212804535
1,197200563,211507878,192064343,209622664
1,145621187,172207434,169022051,161233346
1,112646863,115442177,107839526,60561413
1,160549321,138081878,131107817,158367666
1,41648011,93756917,166650548,199526800
1,209270015,209659492,203803913,207211115
1,135658257,132762406,127625113,132440072
1,207324741,195890590,201598006,207114575
1,143389419,154880877,163319558,174423129
1,207609360,211124106,211124745,199825468
1,201384655,214911161,191683309,191226227
1,71364144,50453262,76712901,49429846
1,114000728,121916513,115331633,119836347
1,139111105,129092408,140392382,133108529
1,193637219,204719993,213543814,214209589
1,195135398,205282331,195676547,191963601
1,167400935,139859577,126843536,181567075
1,213633043,206757890,199609590,205445474
1,174827248,180363734,170904692,180102318
1,178250722,178673553,179975388,178682852
1,127006135,54528677,102935813,113396350
1,173710283,168559481,159031689,173179275
1,74845533,68187372,71325042,61334595
1,158885545,128212235,151556023,164687142
1,144792208,211084967,140707032,97889341
1,199856306,163113520,185545551,192409451
1,113999131,109304607,105958481,100844256
1,191506020,187974453,185855160,184581801
1,210495354,144394034,212871260,210347528
1,79838302,214320109,196424044,214321243
1,82443105,86313622,157122377,16409712
1,119145340,153692253,161399156,108433073
1,164618507,184092890,190383935,176883697
1,189208183,190262452,182733954,190262730
1,189090952,185767506,201728998,175584391
1,89556767,135901129,130774655,104052247
1,168933221,183686351,166724399,169906860
1,197505426,190313243,207030422,206527566
1,174544540,207459613,211636671,204080549
1,150081706,154086168,80288008,154303465
1,79517399,71546002,80515088,77268304
1,177400740,208300370,208312660,208621746
1,150908261,143987676,132781768,128626163
1,145592570,88126548,170810340,119704925
1,123424673,113647896,99632619,121898962
1,128147914,128430372,127969764,126440136
1,206941043,142952528,172123537,204582465
1,213511813,208741976,213945096,214592124
1,115272782,123491342,122435201,125295894
1,214775891,205461550,145809785,214249489
1,102525013,101546848,100886839,102403218
1,206730803,206730683,199811866,206730686
1,138886553,138360561,73784586,138348360
1,138589509,149835557,76621772,154939819
1,162127233,167374397,157966443,151573488
1,195934369,192162319,93562147,160829392
1,194249134,196605605,141238107,139507195
1,168673580,181671263,202306099,152291663
1,71734384,80184180,70427205,46703243
1,211889919,195503116,206615573,195469995
1,208098135,179269683,204849529,207808473
1,68956261,147322908,178165399,201516887
1,147587197,154831085,152148963,180202447
1,187547964,184611406,184607807,172842467
1,115228813,143448783,113751665,115201870
1,144904374,138565553,59609713,143685626
1,142959405,172256808,168983173,171070612
1,175189339,196104095,127825045,178131852
1,67021472,135670583,67607386,67539160
1,117376995,124318443,119146029,101303851
1,123184948,122326228,126897594,127466026
1,131841866,156023183,103148862,65581135
1,149086588,165781705,165781887,165781599
1,195028765,108275041,74383344,160694811
1,116670253,119667886,98210952,116955888
1,167571884,181520362,57587981,143218097
1,147250094,183758661,181699300,180232428
1,182454084,194254461,193756491,189044277
1,201443576,193622106,192553305,194421630
1,164421232,167013501,167958001,135546203
1,162392566,171345594,192445052,203331320
1,176740532,49364294,141838737,139241689
1,175184131,171494813,173978638,173711734
1,171802166,191641530,43375930,107998903
1,207645471,205050347,206228124,193917753
1,213238258,210595391,207078519,206376691
1,91613499,119320148,113256979,133508190
1,205226079,33413366,109324353,7888099
1,66157751,38399697,64434172,36777794
1,99017415,98873598,92860597,98321751
1,128091961,204827203,119892988,166271922
1,176728448,200738460,207703106,195394560
1,50541378,64627846,64723406,57875575
1,175355579,191611888,168878347,179663360
1,186083603,191773208,181015615,189834308
1,139045737,137889820,135644865,139542209
1,184054796,201736162,65458798,195145062
1,62067444,189864099,176242093,188670967
1,198206814,201800422,210447072,187974581
1,40482037,117487362,93181938,132246199
1,200245314,140990791,200095068,184235676
1,172914971,209106655,189614162,197225250
1,176796250,165479425,182198050,191134976
1,196201757,172517359,186707409,201549115
1,194233408,206322735,205616385,199546561
1,56362157,162886279,168985603,176606780
1,115815468,112747624,116387674,118603876
1,186778423,186778608,188457819,186976620
1,65874524,180742031,183015863,129626825
1,183249767,199720717,181751347,169342591
1,160216629,177121838,91356396,101879877
1,204939343,214402801,176760807,208594689
1,183265786,154974082,184401363,188563273
1,177415544,193586731,183280024,177318030
1,207939950,209380599,207768215,203697177
1,190390678,174459307,157939550,190505962
1,209310562,203917021,172158987,94866284
1,120267508,146833067,173780408,172725196
1,181683653,190230378,159151316,190339833
1,196144884,147659845,186540746,149673396
1,213467581,198268212,154318918,201718536
1,183978290,213811620,214926639,198509373
1,190305861,194386702,192798384,188407489
1,77508291,78890228,64098376,49482909
1,209998535,213466315,207510916,203507505
1,131296932,149737226,156935628,87788311
1,4674477,3203858,24169161,31096296
1,113935182,119092198,123309566,119767389
1,209338791,207095030,210547941,174337406
1,104761969,201499448,203617662,201499458
1,197815069,195996543,187876447,181364543
1,104309636,32994947,141906482,41160812
1,188640801,192351342,192068944,192584864
1,210638346,137928558,199923631,146006471
1,206453117,183205651,175777502,185169668
1,210638346,172515865,129081450,208184934
1,165829805,199559228,170640334,212384710
1,196210383,194047309,196399260,194998567
1,58245831,64798006,62516933,65303276
1,197256543,154743029,195665362,171519752
1,183279101,176675943,161625615,178440937
1,121726876,121026006,113100457,104256666
1,56028562,53693621,55397429,54812202
1,83324310,90134690,86545644,63202426
1,117163588,117491723,110060598,92217796
1,207125780,206687502,198253464,190634963
1,152088580,147987747,150251549,149890724
1,190862423,204084662,204625635,203979464
1,195885158,204289363,129774653,198034574
1,186072471,195374977,211553902,194139391
1,192791344,134087223,169046607,155518610
1,31480398,97238095,87436267,119348293
1,191333612,208673999,212185899,194094243
1,166403052,176166552,160921538,137997774
1,212992927,211838097,212921856,196684750
1,181335844,186692370,189069107,172172437
1,203116108,188210187,187721103,191528720
1,193875683,192365137,189844551,192779426
1,159051658,185319981,46402294,185314980
1,80608289,78813837,56647869,76538928
1,210863536,212093696,212046288,210435424
1,186141964,189308905,180844599,181307850
1,206138051,202246335,167252987,203985556
1,208750218,210089337,188847265,204681453
1,107823917,140735541,123917553,137701445
1,193586810,182262217,190533502,192479487
1,103151188,101681076,34661372,97780203
1,195894366,185186166,190298728,195679150
1,206921999,194442786,192963017,171125773
1,209829295,207649566,203470938,203527526
1,163337158,192361371,191773760,167261240
1,145360942,169259808,180236035,179734357
1,176866453,184614643,178461625,184614178
1,141671549,145294843,86371046,128960942
1,173302016,164779045,201157307,205367954
1,167161308,184169257,179301065,184007518
1,198416515,156526791,199166289,188020575
1,64165481,33755217,12748143,65018830
1,113648247,115282252,118419071,111989231
1,154119451,177853878,168545636,180176340
1,195192842,204623017,204298185,204244580
1,178405233,170424683,155556162,174139876
1,201270643,201267156,191435078,139505583
1,202438536,209672235,170640334,209173450
1,166648954,197489893,188170017,187445057
1,210280824,209564910,209941375,209941753
1,154437379,157657238,150384187,157649626
1,99565378,102197983,105030929,87957341
1,149630546,212197744,196065595,212232244
1,93157747,201519408,204183178,201653854
1,152527541,149082682,116433027,148497730
1,141871311,202363444,203394322,202231071
1,214251937,214938862,192553363,203577689
1,182880615,203208828,21228740,196153002
1,125568102,55216962,74383344,141079878
1,192793378,192322882,185936806,171991752
1,213443534,214454481,196222989,203516847
1,190778911,183883874,168510821,162358019
1,27041022,141374833,9070114,30187890
1,18270096,75714579,73455078,78468206
1,205640689,187561106,169896431,192967723
1,204774613,172666244,143852448,132837797
1,119726732,210372276,190314312,210594710
1,184278450,182777762,168153303,178931571
1,194776238,191892633,191669626,180365898
1,194004596,187972930,190888106,191317740
1,167984574,145252306,148594788,181705009
1,193359416,197502662,207263713,60090295
1,185529730,191403405,193133187,181237556
1,193081740,199146525,189549673,193970754
1,105190155,160419706,99720046,143870699
1,179581025,168717418,176702640,179096908
1,191422682,173374319,195729907,195828063
1,113099609,110653878,113627787,112167284
1,194233408,193137389,195624311,185534491
1,203062321,203061891,200967303,164542233
1,123074795,126716174,151688918,127108460
1,41642861,50705463,43219372,46078589
1,111807598,148022577,142539979,144855367
1,209816002,211045708,181801987,210647082
1,167897167,182857316,150419654,177853755
1,203493594,203773427,189477273,192718170
1,194916743,126773775,14392861,127937096
1,203488858,210345318,206279004,206942937
1,159852934,149827578,167584127,173679673
1,95697798,88222966,56019936,59227278
1,179846192,205858794,206126964,205367329
1,62591395,4257312,85222470,87508109
1,191069203,143685300,169021584,200139770
1,200412600,178442579,207214157,199667814
1,106770444,99551093,113726879,101270441
1,113109347,120454171,118496150,104385916
1,85312382,106412706,108057888,103237881
1,172147014,186204979,44114982,77510956
1,159272764,156726298,111491079,154367235
1,115290832,107181065,154182910,89855250
1,173785036,191200306,196569096,113108115
1,193417705,212394823,208657108,209831412
1,177815501,158184817,177480762,128423285
1,89552218,65521152,3732051,94131751
1,76815768,34966151,68567686,8444483
1,205051845,204388175,204481858,203607366
1,194082050,206204126,203470938,205058097
1,194318696,194318524,193110199,194318486
1,188954785,200769662,194859469,207206144
1,65725798,65435899,65048299,66541453
1,206481195,192212042,207497455,140516706
1,203280084,205037886,190304088,203347040
1,202385458,203219302,83555646,190769700
1,205645505,189395371,207939195,195717607
1,155897697,150590041,114257432,126883723
1,119700825,106335031,119966292,121351723
1,65582665,24408972,62420767,27073444
1,107138187,147433100,203567932,30022896
1,98443781,104760680,66709240,119601396
1,184170414,193172538,189895840,193077829
1,192574495,214049961,212626107,207991560
1,196065440,204372929,190492367,205441556
1,126701404,128099370,111039040,126532763
1,138099347,201814626,19851657,111170369
1,209332608,196162139,209168745,188803082
1,207707308,158844938,207140961,207341373
1,73999256,78244212,77057364,77529889
1,164444661,160414907,169265719,172216948
1,139420521,131109195,136180503,115111170
1,214201049,214013171,79041963,212930532
1,188104693,186380417,189703648,187790481
1,113204463,207624559,176760807,151020313
1,164184304,178549809,173978633,213785806
1,113517677,197976154,165233320,163586579
1,151580610,148846175,141497056,148846338
1,105437858,98895870,104393931,105454887
1,92124335,43986099,114134990,95198643
1,147398153,177581164,78182231,90460505
1,209417902,184183306,212091634,208660765
1,192991256,112720029,126686019,191321451
1,172147014,172847311,191623135,91948193
1,174697680,208022685,16706001,202758890
1,115156967,98797078,9644729,40075767
1,60778191,73674579,67087194,72131928
1,96961021,125000577,120492535,124520232
1,177991382,207760069,160719953,206297034
1,212029399,212029216,208412573,212029169
1,160142461,142879906,171140159,162410864
1,179227186,181513656,154112180,171357038
1,192240337,191972862,178775360,192427709
1,72362845,85451160,79041963,71952466
1,204656053,199559272,201971916,191944205
1,111981461,95655285,67036858,116578956
1,207597503,210546340,210547941,210545502
1,157877049,163780285,126230192,170222954
1,135506628,137744510,128943990,137612002
1,192408625,196169657,171913502,196169695
1,117339903,120710726,97140607,116864465
1,124467236,121243911,122164024,117522408
1,41481672,44335837,44909694,4423627
1,169337252,211507315,209334172,206215343
1,126415690,168717418,138390317,15325152
1,189611605,191476573,157692562,190544375
1,162504637,187415425,194379737,197163796
1,180818375,122015860,65458798,159947663
1,159938702,162044461,162312794,146332484
1,15079238,14814328,33677725,15047925
1,188646189,201651435,201653121,201653798
1,209333848,183205054,194157084,187955729
1,183065710,142304929,196569096,187433659
1,72388431,213995011,167165423,139354225
1,198623269,200769866,156581426,128070245
1,166655014,181340867,173436514,162798632
1,47298951,35576843,35284926,41927196
1,115198671,108345265,49287820,114722700
1,191338122,196970676,190536889,191319256
1,175938548,212150267,203505611,212150279
1,90729788,92428481,64080343,53882541
1,177991519,127001872,187518008,184845179
1,202807060,204392893,145809785,203168296
1,208649930,180654667,206801003,200298832
1,141928058,130876461,135604723,140959232
1,213597839,194599167,178978857,194599145
1,123378296,169705984,169020666,114007580
1,207028098,201497503,207349095,206478791
1,209216617,211092676,162062652,209966795
1,144756612,134253592,145141200,140749133
1,201532439,199444353,201459999,206532131
1,213196140,209711184,208045227,211576263
1,209369338,208966301,209328237,206003200
1,210367161,207312777,210544142,207106186
1,191909658,203251063,199078517,197627169
1,208765187,204940241,209928294,209854817
1,114538695,112369858,118496155,113659741
1,28930634,35577568,42823788,38549935
1,211353619,194289698,200202163,184286001
1,188309577,202167228,152924841,187521863
1,142430119,132704981,95399191,140076171
1,112719927,116136756,113751264,117364813
1,204679603,206404750,206068247,186735012
1,195464459,204269067,204641014,203976074
1,134703917,140445256,139486550,141429154
1,127458310,116108137,123140382,125601803
1,119151118,196300750,119892988,196300922
1,185660580,195499202,180800745,195524740
1,194107542,108840796,129375319,155408840
1,201226168,209057152,148890103,82480108
1,96729354,93241359,94663777,77990424
1,185295743,142486494,156581426,193812194
1,154644765,154708383,157853559,144090846
1,186722641,187107310,195264534,185463539
1,212667102,206266107,214766922,208496108
1,117781516,96296981,117127878,120369368
1,213448924,177407753,213114887,210923709
1,65215154,65474091,119966298,2885019
1,200691542,202981560,184797229,204002088
1,209806503,198732042,208898297,212169127
1,199890032,200906978,201389736,188597817
1,188966393,180259335,188402573,184310737
1,184390316,181986659,166052121,175918870
1,202377463,201133006,198745091,197974841
1,166966121,164988458,13489457,69918526
1,192109137,165103457,184401363,191867595
1,122140344,129235008,131176381,115588701
1,124265274,121719882,15814483,65461843
1,174615472,204843177,191842107,138625349
1,195851865,213410996,204696727,211573571
1,94255362,96636273,89522921,92430035
1,125253010,118876288,120656841,117624686
1,123660680,191111515,162041766,187392949
1,169224277,190478332,188953213,187982117
1,185363142,200089416,181725282,199769821
1,195298378,195540860,94420194,203575319
1,205356898,201702942,200957054,191568900
1,62741542,67441187,63853934,65757551
1,181700586,174899152,132570322,180116580
1,133459904,139822819,138290103,138788675
1,187502437,168505613,189977167,151873043
1,202651203,207351770,210024365,191219168
1,80700109,85718292,84302276,85718508
1,139136556,135638853,101369282,104895670
1,170394352,147123019,162794201,175858350
1,112584728,75930872,53331292,54189125
1,53319909,53356441,59111155,36329841
1,113641575,115841158,119935126,119743477
1,171999326,187561855,186678530,186075875
1,200686413,209497609,190436013,188737093
1,87081117,85468147,91226600,85184184
1,210507543,212739762,196569096,192660219
1,151508124,166642256,125361994,163437918
1,195487616,180380570,202014524,202186330
1,142272620,136617802,8495818,141767962
1,196604814,188336271,196060435,177446588
1,171134915,158864355,165233320,170283750
1,109862488,99467335,105214459,104424511
1,204958214,206185482,195675161,183801582
1,153039380,209514290,177505720,189825287
1,197975637,207123731,207343764,196728569
1,207938839,194769066,157694775,203774728
1,75104112,82217792,77057364,80788975
1,117799587,114716062,118591640,117559181
1,154029960,165762175,9769128,168357364
1,194987741,194321254,193140851,167261240
1,54734217,42058283,53517849,54736878
1,199834655,194642111,201618201,200619698
1,129674704,142327911,140485462,141845108
1,187570563,189122825,186039217,188814123
1,127204181,114276236,128450377,207890907
1,77440112,102740573,77021746,75718649
1,211124792,213708660,205648565,211706241
1,145513426,161260487,162508544,159295380
1,86380036,83240933,90588168,89765040
1,126383928,141958435,140010263,141782323
1,214681163,212872338,184599077,209306971
1,127621585,130408096,129656760,136217635
1,76384242,112048052,117740859,101303851
1,181672975,183679096,183809722,155152584
1,76815768,75813117,78888928,53208411
1,213588714,207248672,212871894,211706241
1,170183628,138220883,165558877,169989757
1,192077658,180655247,145141200,87503963
1,101420317,31569763,3793521,101376783
1,146783704,135517704,102986129,167382553
1,53257096,53582208,48308335,51370841
1,93708527,192931447,156839141,182181759
1,141041814,130301733,139952034,139287678
1,200311543,187553882,197960794,2999624
1,208288704,213747059,212770711,203513658
1,197752839,195609325,180755662,195779968
1,203008051,211555519,109497256,211521416
1,187371647,156959062,140295469,151964642
1,169604399,168372520,168932681,169253274
1,193932726,178987600,191694407,174191673
1,65501228,69453427,64591603,69599591
1,180496946,191702907,122054152,161602421
1,32904859,56449996,54851829,55309323
1,110406053,110193499,74107483,108105818
1,114274346,112176358,100610395,119224086
1,193352613,173962255,180629225,192660219
1,168882228,166443058,175269965,170230432
1,75556564,67700522,77096071,75917222
1,204481257,204510429,145809785,201677082
1,200078059,207559861,161617671,206666582
1,210104512,208741976,163517662,211542202
1,161935834,166525387,157160766,164126450
1,98910635,73758653,71925687,68548024
1,209968335,213417812,210419219,213085090
1,89871043,95224045,25029614,96294430
1,211441313,208609774,204642790,204074712
1,153791091,210332830,205441825,211087659
1,199673258,204821205,203776455,194808860
1,61152083,81109116,63589262,81724265
1,13748483,12465525,17330294,16802478
1,111459187,106242683,114456415,106348008
1,209804649,207557930,207990627,152332576
1,52439546,188480348,172444603,186152059
1,181452016,189918501,115303949,144519840
1,110023664,210715845,58088338,140384999
1,209351419,22208222,205947252,202623837
1,186037609,193614378,194187784,181353609
1,161356517,161956360,164565763,100749159
1,80032200,67680171,100481808,77280975
1,140246376,196800786,108409162,169024039
1,182574434,194818001,157095311,191641979
1,115123378,117787918,117788031,115094951
1,72621498,62094133,69658769,56722315
1,134739696,126477290,126555847,133516503
1,54997491,51408711,51072458,53940707
1,180517555,180652200,125504751,166973286
1,204899003,207722665,209967254,202050179
1,114530072,112870158,94999690,116803778
1,104330915,89627210,107417462,101255815
1,87272345,97745456,112602789,97210964
1,212149151,190546540,211182431,213458656
1,122438206,121971218,74232212,113261996
1,215287024,214631122,215096027,210435424
1,194168012,180062408,194155106,187582978
1,127820813,202401254,46848824,187336641
1,96119111,94787879,88309150,94269059
1,32455935,29991785,33884460,43158253
1,129955180,126399244,133375738,133141346
1,210969061,188350750,206447443,211362592
1,90200891,101871587,105465417,22103494
1,188875844,184195884,189550193,189753332
1,204172837,191110442,143855311,173129941
1,112942848,113471011,115281770,115554169
1,101780760,106839400,117877491,48355257
1,167069559,178831647,213586059,167470939
1,212714916,214374799,215304216,191226227
1,101717809,119278044,91358652,172619032
1,184675051,172786845,173226114,183151726
1,194081704,188573623,194760641,195932170
1,194983677,169599739,187718274,187260625
1,141185530,140885049,130644186,134418196
1,170317363,182845903,196976080,80737450
1,58241786,69453427,68644403,69515424
1,203293235,203404481,172004984,202120286
1,191245292,148452853,187116812,190470618
1,154687717,157408801,159397152,158781119
1,177059387,215493081,197099128,209990547
1,195475913,187163397,186678221,184403852
1,142389636,214292739,199748405,193702037
1,204910962,171174637,187399233,166834702
1,71056104,76914495,76821402,76710745
1,131705308,123394791,130147635,112127357
1,155790654,173086208,167942091,15626240
1,169541499,174772305,162223944,174772295
1,79168717,154919645,142539979,161081665
1,194582727,170648634,194582206,193396809
0,142593193,131478090,190492367,192399016
0,208131967,181119965,158888882,110048588
0,92944467,195483486,190314312,193299696
0,176653760,137077255,207343764,133258865
0,194878719,204448074,178720928,212088438
0,139204127,191111515,159257155,183079939
0,207322866,154829554,158246763,138021473
0,87750099,211905699,192963017,155763080
0,180236001,86907471,68567686,209174065
0,92452597,48438148,208045227,208794502
0,80985654,144338811,127825045,173598128
0,204902753,115530191,196124307,183609192
0,158137442,139263930,206994342,168677327
0,174827248,193291165,180584087,204458906
0,204265427,195587472,105465417,119601396
0,212149151,169901041,191310170,79758639
0,195683340,202143637,204002523,149642711
0,109494200,159373083,206825423,214700620
0,129899487,201177320,187174658,197296160
0,176728448,200232155,164437107,211150615
0,179620279,151981179,139297534,204951128
0,129005558,201993472,205103414,189318500
0,193692778,61347990,39059296,140911386
0,134362643,197342872,167357310,104256666
0,179848009,71546002,121892923,201226807
0,184931633,191056508,155715309,202275055
0,8403588,208415981,9070114,188561791
0,208750218,205232308,210419219,199814213
0,141087974,205586897,88298252,213386365
0,156681665,8981298,74232212,183517229
0,204134261,144556795,202128965,208269445
0,199082129,194696597,16242929,143853730
0,117914550,192690145,204645900,208603532
0,76765740,174074207,119935126,127512532
0,211888730,207663897,210012079,173941689
0,213200640,129001610,188457819,113425832
0,166767395,157449261,74383344,210454502
0,188364723,64192798,180629225,197105190
0,164199486,207869589,168932681,158353681
0,184556957,193586731,190756285,197569317
0,166242589,189553159,138287642,175119477
0,189559800,152171632,213234810,196226193
0,183793818,141199466,192900766,193041188
0,214985972,141014079,123140382,208846890
0,209817753,196444904,206160968,118094678
0,201366587,50447332,186039217,107708969
0,204823063,203858581,213955588,196732657
0,209677413,128946968,182077505,161989078
0,213253242,70395983,77021746,29538257
0,156863449,195518287,168545636,206194935
0,163193913,135484146,166639249,189871625
0,208463524,207990966,109343654,152016467
0,203332981,209754438,191683309,206269007
0,213056354,212076990,195880210,170941128
0,5156598,135600084,130917091,135787682
0,205346867,199480595,213232634,209682979
0,211267103,147767111,203394322,211565760
0,205100381,127001872,17330294,87793308
0,65640932,212242063,157616522,199966675
0,124308489,200673024,209439949,162339222
0,171822467,194926401,211182431,34519725
0,191311255,25009729,58177803,195521142
0,210656524,143872043,108562640,211654437
0,210454684,207224296,131876985,128103039
0,65582665,133699927,190889340,190549441
0,193394177,212093696,115331633,146561382
0,124394211,174841101,167853990,209532576
0,184042885,173205866,123421763,212239652
0,196998881,167013501,183280024,213177436
0,212380449,173120061,154182910,213209612
0,158137346,24845839,201012829,207518201
0,77689671,63985907,188207811,212068642
0,209683246,118883110,6501864,192306387
0,167766944,139945265,202205281,163550824
0,115647027,201150904,154318918,167927609
0,56935191,132254693,82071323,49482909
0,196356868,210089337,9644729,209173450
0,185814832,187254049,94636651,181433122
0,190541584,215078961,210419279,195132037
0,210108157,118355551,178255072,195372366
0,141680828,195164229,173978633,206790100
0,198595443,212757030,134012061,97889341
0,194343278,202730768,188757114,145311905
0,166549221,118559254,38732150,183015983
0,165775927,213466315,124184976,206268964
0,204800925,205302837,187446763,192891507
0,204723795,143630134,198691104,178813949
0,204518740,212008917,164407006,127487095
0,101279079,122163202,205820989,174131198
0,120716418,208781029,194883650,199897575
0,213381316,198510062,169022050,202373524
0,202012027,174531482,200202163,103012472
0,209563294,23187220,169413238,211521416
0,75769611,208161211,210547941,130385954
0,193346792,204784504,187614877,195489934
0,215210308,177321910,193109885,171928897
0,115392474,159604284,170076208,191791861
0,209384121,171448821,206172251,209143771
0,184195161,189760692,120676007,205143695
0,115940835,105671902,201240658,118529231
0,172481582,76081914,200315776,201071570
0,189091389,187519395,121099166,171810432
0,169451298,122015860,170904692,180511027
0,196288491,197868899,152998750,195032614
0,204091255,103104921,204103833,143179325
0,211882649,191622368,184457859,166627266
0,209162282,168837945,203470938,56992068
0,123682079,147322908,179999393,206616694
0,207833370,163611974,206683100,215209491
0,157341149,192096306,113417263,62987607
0,144736101,208076511,212626107,49714367
0,193796412,215277709,111491079,207211115
0,181110803,206695959,196569096,200051430
0,164467020,178460816,78117265,185158848
0,28528682,160782027,198388433,147923453
0,189892126,202324811,100886839,174692205
0,204265427,206509471,57720370,184736729
0,63277771,207487203,128943990,170230203
0,193371295,167233327,174411760,183855837
0,183886119,162863140,157095311,106950935
0,138782361,205079962,123917553,176141908
0,198700213,188218965,64591603,206687875
0,125498735,170650298,170904692,214502858
0,177868041,157526544,197268117,93312556
0,156775484,171176703,194758763,130272990
0,203209704,209884520,174039298,175570422
0,79469827,165781705,156367233,113261996
0,173815040,208641808,172447802,195039862
0,208087361,199591942,204641014,146255745
0,204173696,199340525,193406219,181983323
0,213086395,211237619,205441849,214614949
0,198592916,191810344,159239327,208162118
0,205502473,195470569,208575273,151938690
0,183968995,203213315,78511641,163064939
0,140993217,207401976,118049785,74561692
0,198661109,173431050,66753639,213083871
0,207421465,203154762,192366927,211848693
0,159798131,168571611,213814977,101313763
0,192266835,115437548,145213245,214794246
0,213937560,195582187,133345080,194643553
0,90219164,204293453,130482958,211147618
0,160985850,192857122,206279004,164445431
0,133259144,202263095,175468194,202326028
0,177700424,205061794,99469904,192711141
0,195611075,203500825,193467731,36777794
0,203669213,164561052,166675908,61057470
0,177395876,209922182,165233298,191246592
0,179902754,200362070,148482437,200185897
0,194130725,214603189,118363168,64084102
0,197153931,75239089,93562147,177819357
0,215210455,193349808,76230111,176976043
0,67585903,203055973,76911191,26760608
0,126199704,204296103,212856941,49487100
0,213902466,213940788,129479868,209856035
0,172481582,185172813,192055613,201890557
0,177777625,196368779,156935628,123879061
0,169966782,155845259,152127018,204182121
0,190624055,197195508,185409596,112060978
0,200294001,209921511,186707409,191285147
0,167072176,146329857,181773474,161005527
0,212669533,206298935,200673442,194290922
0,65090116,208729591,148615678,195895992
0,178428938,66018435,194582206,160694811
0,179581025,189589139,212040367,200844520
0,204945156,119386851,4397964,73475756
0,204009081,209057152,15814483,96239349
0,187975796,18385766,184952185,209924261
0,135902989,196951505,188170017,208628195
0,137517301,110028430,203678750,214905249
0,189702464,90933702,199748405,200099319
0,125915774,121026006,191669626,192409451
0,192201795,195827050,153361385,87296037
0,141969892,109099548,100295861,36421246
0,191401633,212794818,200919215,182529955
0,146588142,197844944,185157134,152397671
0,188805376,211913356,161630546,146784222
0,158568537,160419706,213043315,209161105
0,203054366,147713237,85551450,170875283
0,139295559,212150267,209334172,178366934
0,179576665,71287500,166471461,108529787
0,179943292,201262455,191773760,177040798
0,126433206,207720883,202265358,209502939
0,180758040,180360044,129656441,204784322
0,211086550,204896163,208342115,212554260
0,209875644,135697649,142138982,209176759
0,210638346,157073481,149893349,197401524
0,183249426,214249100,193825919,74161628
0,186405265,171679288,74383344,160212410
0,191641629,196644733,13868276,102162482
0,107307153,184793895,191907542,191313233
0,190121621,215209233,193246381,199787757
0,207758606,134462887,191623135,108349102
0,207792788,75743066,176242093,210596404
0,211284971,210717480,194795050,169791121
0,116938949,210303320,194424545,189576014
0,176307606,134413993,211699006,210365332
0,209365987,184102168,206447762,178763112
0,183194297,211229875,200957054,191643267
0,204937402,201826547,78029258,191892053
0,172388244,145311204,117127878,202204580
0,170880970,172457010,209320863,200343031
0,192324541,153278806,114575545,189055955
0,158885545,115780869,161619330,205917490
0,126527959,214374799,201491459,152291663
0,197629708,203886314,190298728,193779439
0,210543227,204979072,187405447,129366857
0,121723466,197368088,34661372,117579200
0,185957445,204845698,203388090,203636956
0,189802327,108756909,76148493,186314771
0,199301399,192597394,115303949,135959068
0,176120962,186692574,183833339,193707349
0,184628084,174145673,180259073,182883935
0,179907475,108939283,163094406,105456282
0,205292975,168341300,184799554,210956251
0,181044240,205119683,183747134,207722756
0,154358234,67879186,10802509,184987308
0,88932282,214255386,184116387,124370263
0,179750160,210981827,142539979,78621187
0,206952963,213084777,90588168,166432727
0,71677805,184553167,148807551,144492297
0,204233344,194942014,198410963,208628886
0,211028341,191689918,78480659,204886736
0,201217713,195075282,116433027,191561085
0,131342815,206821208,189703648,137818184
0,204432988,186168969,193140851,214760917
0,206758207,200129630,94724047,214321243
0,96961021,204036160,200353546,196368988
0,208414873,207720737,138424848,202759372
0,193105020,150351506,151368183,211758973
0,199901809,138081878,214768952,120015134
0,203692759,136218370,187307532,27953586
0,213211209,202106970,205548720,181474543
0,211762574,184797196,140363374,154483526
0,166966666,195545670,53517849,174969809
0,211601573,214047451,167677101,205826202
0,119726732,208741976,75168675,207217408
0,125362501,78955036,207703106,191963601
0,167967668,191531087,206664116,192995815
0,209858049,198508899,142138982,76284868
0,161117276,170070690,212185899,204624368
0,148821198,212060899,211155187,191701522
0,174594116,197785050,170157657,177185269
0,170661949,142675652,209928294,139287678
0,174381199,187838228,52008465,130014732
0,203872235,177677598,16706001,202933956
0,185260722,205346163,147024925,168372734
0,163138283,211227539,196569096,162209269
0,204638926,188788487,206615573,174846916
0,198217872,198544517,168036160,206297034
0,96961021,195601119,183280024,87952805
0,209174682,143802624,170904692,89533868
0,159186729,209488922,192445052,203176684
0,209433451,213870221,69658769,171484959
0,169800226,98166991,1191384,195483574
0,195916192,209923438,136180503,192943811
0,194768292,98873598,159049689,207682210
0,185255387,134367590,208412573,191317005
0,72656693,198332989,205339240,210923709
0,165906628,115041056,199493769,17041692
0,204176913,116131972,176114807,157456520
0,172317765,133643339,111039040,193570556
0,194234264,167531587,169045975,206233572
0,195893852,198529324,208582613,194625411
0,205378173,164364354,76821402,173391841
0,197569727,199559272,115558299,207033777
0,207958000,200128845,131176381,170141585
0,186106251,193302090,190492367,193092626
0,204740053,141810669,210419279,214768658
0,181140259,183743678,48308335,183441974
0,206915401,138220924,160719953,173082981
0,174099433,201088160,78802503,170433886
0,187582783,209927247,33884460,186626013
0,196134075,195955941,174844088,185402068
0,192954070,153531949,68532028,213578576
0,208805613,166122781,112606815,154617569
0,89112917,181027074,203470938,116393588
0,188632218,160827791,114134990,166554718
0,171877865,110653878,112602789,191884664
0,146186759,168304740,204849529,200034069
0,77899829,159033894,13251942,205471423
0,177341452,156494158,15463580,209620694
0,205908506,183987744,128019484,171050077
0,73483816,77858298,141838737,73350627
0,209825766,200667274,113257216,86865261
0,213505256,203885223,57720370,203037161
0,99049016,190858243,209948704,200791373
0,208931572,213410996,142552406,201265630
0,213693385,171533326,205019396,186512657
0,72820591,165667291,179301065,187260625
0,98021275,143701863,125504751,201893808
0,199371498,176467338,159151316,106733253
0,204958214,157711639,160318722,205282140
0,134387137,209212032,158855069,134638516
0,201044262,189698091,210024365,207368256
0,204131481,201885794,173780408,212012722
0,162127233,213343566,161573677,99867681
0,215215467,210089337,169046607,200362284
0,159463223,212907656,140295469,193479520
0,174881049,86350144,120236262,181237556
0,212964417,167876668,206126964,206780505
0,207964729,94595064,189243341,167302916
0,104334170,205638633,202128855,192401231
0,188277595,211179313,196016756,141859861
0,148421776,211037500,134665625,210900459
0,207597503,172352711,97431836,42180488
0,145188941,209056319,186582314,51722520
0,166604491,135366068,73046243,99486249
0,182113087,193987899,149321309,211223428
0,146796252,194716532,132570322,201718536
0,183421908,214321252,64080343,209031699
0,134691092,198752589,35162829,177434209
0,205207147,202799172,73455078,166527493
0,66057559,184942165,168000646,32127368
0,203357521,153031662,160921538,201893932
0,160149287,204612577,182198050,201205936
0,164980847,106242683,206589048,207459533
0,199145249,183050996,167699777,198079048
0,193767455,164101322,206068247,185083512
0,210466372,187956979,145065201,209194431
0,194643891,110101796,145689494,118704130
0,206453483,195737834,3241443,192632849
0,174829228,179062732,77057364,136130831
0,91257363,192246151,166935805,207607469
0,153162893,104626964,173978638,210476309
0,160633217,196300750,155279458,192969187
0,152241775,126594719,194134924,209213286
0,209925744,156895528,127825490,195521155
0,188954785,171174637,197682232,149679306
0,186229128,207925675,14446600,173070868
0,180542310,204296088,183809722,193531685
0,149804877,111676032,161617671,192874895
0,187993973,186726521,11302534,205016394
0,205523734,201765454,130644186,155759680
0,164806252,201092835,11092181,195895992
0,157050886,122356831,170464880,96022669
0,207551204,121027288,160168037,209064701
0,199589936,202461904,143302174,132762462
0,86403615,163344555,192453794,207062714
0,180144228,206285724,86545644,194673141
0,180468099,186094815,179704843,208636827
0,206198507,97740720,205282106,81527464
0,105123708,156597242,153310966,207031775
0,64627218,106186030,213873033,181263955
0,177591787,164081310,210419279,95615141
0,155807534,195717296,187889757,149281241
0,160105387,197532295,188820066,181637691
0,177054239,147987747,141238107,187982769
0,16426859,211893354,191694407,66192881
0,114495940,146256651,78182231,209700856
0,195165561,197315593,182904496,209182092
0,106673717,120710726,207195440,195351959
0,206684356,212087148,69048947,208267651
0,190546545,158077199,178720928,197041634
0,134387137,192382788,202380707,142405387
0,209241357,206293233,141407746,208660765
0,199724482,182735020,168985603,193689971
0,183279332,206838879,181051881,178931680
0,178405632,1027065,196065595,210842330
0,121193573,140870559,199668793,179697266
0,79596516,86915627,169022615,209508698
0,73999256,84704412,180036704,121592571
0,192982951,64319815,138046251,194374518
0,204041601,200803565,194552932,204716589
0,188632218,128191884,212220399,103364077
0,212623485,213811620,206358703,115554169
0,169232282,182695315,179472725,169025634
0,184069610,192351342,192247119,180102318
0,192644312,204859780,205177840,211150570
0,190020728,213198151,208399221,212735132
0,196005679,64366574,170640334,209169231
0,209143185,116910243,149847818,198464780
0,164729238,215502641,79041963,195798818
0,198489911,110006471,52144504,188766887
0,162292851,211489163,212871894,144950568
0,182574434,160787570,208582613,206809631
0,151267183,196208319,181751347,213025862
0,210211416,212228743,72014808,133321145
0,211628181,173207050,208898297,180102608
0,128245542,213319398,195624311,144471308
0,200929421,211395954,102487190,178173114
0,207429949,111555797,205750787,201033115
0,128455754,145541763,190198722,187982740
0,203221554,147835666,188261628,172914634
0,180804264,194642111,94329526,196684750
0,161606844,197146858,171683025,124177956
0,194233408,78068561,126686019,187398362
0,210472977,195525219,175777502,47909717
0,192276898,136823901,150543897,203672672
0,192365766,188050696,63589262,125978014
0,151971832,201583504,115856935,184003674
0,169677460,201588392,49287820,203493136
0,215020949,199720717,197751266,195340662
0,183014661,120397060,62420767,169937753
0,191800833,209214869,67087194,120839784
0,183538662,184943381,213683373,99673751
0,157703337,207095458,203567932,207459533
0,204803959,182550416,172123537,128343052
0,197595689,212788162,85222470,161616956
0,181401144,79476665,204642790,163519035
0,201408599,188176042,128472092,152145948
0,205205608,199551935,4011501,191297674
0,165184522,72411220,187518008,91214610
0,208152780,166968410,189614162,133310720
0,97466241,155081440,212400156,188018830
0,215229860,196317417,51852695,202761324
0,185604824,213427138,188074280,214817141
0,213066756,200794479,90518135,146175129
0,167353981,193827650,157691032,195542022
0,122715243,209532179,110685134,210471160
0,121673597,109490714,160024333,60312517
0,214991554,212559698,125075939,202062227
0,155273630,174470199,188638670,82755532
0,176307384,192784057,193725173,197422038
0,190480160,74871071,77096071,111471448
0,131121959,172318461,203470922,104665298
0,210445809,155619342,197272660,142458783
0,166495387,133327568,95902592,204982780
0,135829518,113903745,155740669,174101507
0,190147466,207252252,208898297,162414400
0,163982093,159834068,167942091,196116536
0,214261074,212205686,179994651,213941585
0,207007174,137047387,206565324,210471160
0,199838672,201174582,148293424,190811719
0,180378830,138198884,145141200,203050280
0,23384110,207962768,130774655,208819182
0,122037303,136816097,202182970,132596055
0,94572922,211202920,8495818,207065275
0,182471802,152586311,207990627,49430801
0,148554751,192957239,145141200,207065068
0,86565982,205370712,178476023,184088986
0,198289861,207943110,155458606,204256121
0,173480802,210378897,206138657,166673331
0,169718412,207721026,212844190,206845388
0,212413884,213281709,188953213,139507195
0,179328807,129606896,14446600,214759529
0,199129319,61485467,68644403,214699402
0,127200642,212088857,179116919,161483519
0,202025612,155592296,180259044,154937089
0,206932110,184359647,195530612,166271922
0,160027314,142486494,196222989,195394560
0,146285250,194408985,192975261,188782364
0,201526529,172517359,193620268,136322918
0,185099561,196656733,181015615,89731462
0,112881441,28908398,140305904,207019944
0,66863222,85173189,71325042,194769602
0,183813857,209360411,63853934,202424124
0,139861582,208961514,140485462,195469995
0,189911519,191892178,196424044,192427709
0,205229303,191216580,214926639,207722756
0,180101586,213471851,212844190,208704162
0,196667367,185802354,149694870,170074137
0,210115124,180220791,196424044,207177249
0,171696517,61184318,3793521,170538453
0,106326437,190262452,151556023,209917762
0,207419121,176853110,195560642,184248264
0,195777227,178673553,188762416,189407410
0,195868935,25303615,129471339,74928659
0,206198420,208715103,177263574,159211435
0,212627020,184736805,161498471,104424691
0,200614178,173387649,156581426,190570956
0,193011909,199559228,120656841,204662273
0,191517896,146049454,169020666,211491913
0,174791670,119988930,127969764,172912757
0,156799276,178192802,68839048,161250360
0,122028986,198211473,181251476,200822644
0,178155712,157711639,204583798,201891088
0,183503872,193885896,191064755,157766061
0,187601158,66677485,205019704,174638822
0,28346059,199172051,70937243,53433128
0,94617779,189944705,169046607,179049884
0,181880857,184707670,150970018,184235676
0,171931354,172914415,56647869,209018511
0,210432697,140479786,108409162,202889868
0,120623607,29991785,190314312,204476480
0,100344935,166396437,195264534,104615957
0,187038064,180474281,206511495,209808819
0,194721623,207095030,210547941,133516503
0,201484457,212333604,143852448,205104909
0,201614366,177220075,154797660,195511358
0,213989404,208927587,215513855,170074149
0,207264707,56051523,185409585,149270234
0,111664650,191702907,193456562,198078007
0,195135398,208709664,211525476,174100841
0,196346882,150920076,211024336,193464105
0,199589936,173736569,202544473,59143380
0,151553296,44571383,155556162,204093697
0,201006052,211547235,135604723,201897430
0,144756612,209514290,58088338,209151302
0,180906126,211000181,168153303,168257792
0,141458284,191285914,208461153,158772380
0,131218217,178260386,126560658,210475852
0,167932213,213717504,157173938,43108218
0,154603353,191551883,208218735,185216331
0,179861117,206294645,139952034,172851485
0,185876905,49693212,207680915,202934157
0,178900365,194135128,137072726,213243001
0,202108842,85929558,215096027,83657862
0,200598939,163780727,212837034,171735301
0,113471358,179047305,140996714,106950935
0,195838279,211602757,169935252,172546211
0,141928058,52297245,184401363,146209418
0,208456278,184102143,114257432,126985397
0,173811366,177162449,126843536,109042133
0,201769161,119788569,65048299,189731796
0,102525013,180795071,189792789,193827341
0,100357374,176125816,211726771,208626557
0,168992911,105272244,18621616,193562293
0,170704421,58836611,161625615,148310515
0,184065300,212415930,210426620,207617148
0,182273053,161260487,58282983,204467433
0,176936176,155552883,190889340,124756566
0,164175602,200738460,72695884,113199879
0,132009244,131052215,119892988,202169901
0,163655839,200108581,166052121,154367235
0,196601703,197664774,78355959,213709404
0,186796132,69723106,195802970,195521179
0,160549321,209380599,118419071,71791901
0,194617516,134900076,206358689,193041188
0,205297748,177403910,207939195,167381641
0,144308408,134691478,142286770,182535878
0,79075436,150371878,176773631,140993761
0,105076921,75813117,210036374,204173067
0,201580248,186869152,181801987,206482317
0,152658789,193355244,116513418,53882541
0,205570629,200842342,199166289,63300889
0,144888137,204628965,80288008,178260005
0,195317733,138527092,185211251,188407489
0,207305641,207423956,180800745,101225993
0,182508412,205022450,213543814,195932170
0,121298028,178762033,187718274,133268745
0,192400133,178469968,92707156,96361303
0,147099061,138341310,6664194,207341373
0,204975407,188113299,169896431,47585035
0,196607617,208175583,188977938,102190341
0,205196445,181237504,189058913,163639695
0,201729732,204302917,171913502,203527526
0,93224918,187315686,192562884,14813416
0,212150469,165031882,213761393,209136780
0,183077229,91209892,143697682,103237881
0,132772568,215277709,129941199,160582785
0,211987972,200505985,179823164,204176669
0,162791674,203046181,169807557,206394277
0,214640950,125093601,74107483,195617744
0,195943669,178559314,169020666,172070673
0,71364144,195770067,133459189,203578321
0,211655433,204827203,172242879,167252392
0,181796287,158071516,108057888,208652507
0,176661522,157717270,141497450,89167097
0,188875844,196041149,157966443,123438219
0,212221489,132844199,127793093,77793314
0,202166527,211442244,209734699,142072152
0,195680628,159363134,174662947,192230271
0,201028853,170457242,190829137,172009964
0,193061003,183522979,192662905,212575213
0,207754548,208692225,185919671,210303388
0,131609800,195503116,156844318,201709795
0,163099159,188742829,61835831,188177236
0,212051579,148030706,184100337,202940101
0,173981684,179902666,113627787,206712067
0,173091459,174178307,68644403,158869530
0,174047817,213837593,188842352,151575420
0,172344598,212478119,178294363,186300036
0,174467301,205412194,201459999,195792052
0,205942298,213513399,210544142,193744383
0,200086105,153857170,152998750,174423129
0,204663625,54467118,195729907,182233374
0,207007174,130890719,214344672,214020027
0,195475913,175742886,212916556,198621121
0,209988175,152240214,157160766,115588701
0,201469645,174563903,138290103,193645361
0,195192842,185296567,68505948,197609149
0,90923236,105272244,183005565,207434377
0,152361162,212900881,162312794,53940707
0,198769597,202483161,56019936,214794333
0,162994419,200801698,100584066,195559208
0,199929323,54709475,192553363,205813444
0,206389196,129879974,177335639,196777567
0,209353738,207834732,207214157,112033904
0,191422682,183754757,152401336,147993451
0,182494910,100428043,183247416,183826362
0,159491895,207659916,208255685,68463735
0,182064504,195568435,65458798,191437282
0,204000396,145942258,185967782,125636346
0,199321476,187661804,53078281,113897945
0,184971314,128222302,115856935,204760277
0,209768330,208139760,143020694,109122737
0,192131305,213186982,116929247,166298193
0,185844331,151784662,151772829,78889850
0,201384737,202760727,197066988,211488921
0,208744799,119320148,185545551,209045970
0,168633086,164269466,171819167,209548210
0,180985895,92828126,209015727,212640596
0,184740920,161431516,194859469,141789192
0,115201200,174702862,186517292,197498651
0,112069335,112653833,196780559,154729751
0,148632564,170463302,120368439,194655297
0,207007174,213346966,186988569,188326140
0,212890993,140329186,194313936,201096220
0,194867037,157711639,36683635,155647330
0,201069248,164553209,134959988,156441423
0,183855339,195499325,135939350,194708105
0,176672668,208961765,141615352,180022816
0,158354567,205868468,66709240,175017852
0,208944822,182571421,179802340,203894513
0,208906116,110650131,131949903,169465217
0,186163579,183756068,136224369,188020480
0,113953327,199620018,201598006,190262730
0,194916743,199129074,191105978,144763179
0,208874400,185742336,186773988,179026492
0,191707492,44571383,184797229,101303851
0,160836047,167352002,79041963,191778796
0,106069814,172519599,206561799,208035084
0,167269106,178826572,159668735,200745406
0,200589676,165123294,64723406,180507100
0,177991519,174466352,84498318,213408947
0,154504605,207036697,192553305,165781599
0,174071921,173886310,145809785,134418196
0,207192922,205477044,201653121,202205320
0,210346373,153715283,150854175,92668539
0,211075261,199265911,140707032,201881199
0,203427857,117708620,153137766,207037321
0,194233670,196123827,77096071,142502408
0,76765780,183999946,189691115,134808968
0,150424790,114162753,121494213,191498933
0,194004596,202238076,199892015,104424511
0,167588988,185215896,182423187,182817912
0,125639474,215222578,213578709,129802589
0,169381916,145868463,159853907,180878699
0,154490192,184538464,185936822,207065954
0,184707495,207760069,74383344,75552297
0,206886526,206640791,177411454,91178542
0,204303363,119021702,207497455,193044307
0,181554920,198218383,204625635,119662088
0,117056739,183385210,165221051,706400
0,170659187,202546721,172004984,170997623
0,159528451,106412706,165727927,184286001
0,168590262,191086949,58177803,198472134
0,194821143,206299742,19851657,196946420
0,80702608,204306688,95934182,206180405
0,186683968,172822587,167252987,157387023
0,121707231,37496899,138203223,117872033
0,148482862,200034994,168224191,200959173
0,187887058,192745223,153688590,203677655
0,212411133,120824060,99619512,102731060
0,165688631,207071730,129375319,195892991
0,202598673,110500413,204653404,78938905
0,189611605,211141251,172528966,206478791
0,172403975,197774591,156839141,210537696
0,214970003,176301464,157118711,208286610
0,193876624,195498377,167584127,191550186
0,212039185,124961312,193133187,46703243
0,201349502,157942374,201389736,205750368
0,160420501,213343566,203882306,203446983
0,179100917,197316325,190536889,195296792
0,200106805,55909437,176114818,186767710
0,180649740,212848358,74725093,202781539
0,167483609,201753250,200095068,184955377
0,138139454,177531304,166491296,143615140
0,166966900,102562843,192152406,193744383
0,73615403,208351783,184263551,184090583
0,201181660,197719659,211309618,47992002
0,117781349,138012215,58177803,191609585
0,188640801,203965428,79949526,150919962
0,209241357,97678794,116387674,155860250
0,206645122,149082682,33543651,165520334
0,207097776,211920089,207291037,105426431
0,188889120,213807826,209168745,213416238
0,201071911,141199466,98210952,153473468
0,206491936,206511556,118496150,142646716
0,160131360,76900259,211636671,202124275
0,161740820,106378677,88136653,213554048
0,179554171,129514157,210447072,209666010
0,166573025,215506052,193110199,204066405
0,213097764,146709617,183904683,215455679
0,205414980,127547966,186678530,171702368
0,206531178,203154762,213394260,194011366
0,201679781,173184153,210013680,210269525
0,178614473,155153960,16574276,115196098
0,193553137,179558144,192900766,151555658
0,204623530,188378123,8495818,171903811
0,157939940,76184639,193563232,153563900
0,186826464,210544460,95399191,184694144
0,188176604,25265158,197099128,181472287
0,202020859,133789577,204628054,131562511
0,195500342,167451870,205548720,211568612
0,99417894,209176444,162223944,201480472
0,162905789,190217910,71007312,197342380
0,205022147,196152756,130644186,169194363
0,146507091,67844542,188847265,173945750
0,191022785,208442397,118639026,210661745
0,56362157,214581170,112569774,107963078
0,192663252,180470263,180259044,27520952
0,83711957,163438497,177532825,207206144
0,180615324,129744039,164301270,212004985
0,202671115,107564646,199857444,213430506
0,193796412,125837140,201157307,178051344
0,180054828,191241262,193930121,185770639
0,215037754,179067062,194883453,79628364
0,75288868,201074209,119966292,88464344
0,132948095,196337508,169265719,195499208
0,201852490,122249720,210419279,134717372
0,209426191,208429045,16784542,117851203
0,186453308,204286223,161296503,93410653
0,203532895,209817077,209967254,203391315
0,205352245,169737213,192323907,136945901
0,194137867,177856911,181725282,156767526
0,167879007,97945694,61756906,209172619
0,108373225,183361671,77524646,210826772
0,30247321,33610672,183032278,205826202
0,209520296,194048516,148482437,161416376
0,192408618,189409662,178461625,162358019
0,116670253,206128606,57587981,192909689
0,41481672,207205439,143945870,152033698
0,204627221,81109116,162041766,192066630
0,169346012,120997119,179218523,186385076
0,49158733,166732851,161399156,167273244
0,124484909,176959861,157692277,127379115
0,200537229,206218690,141751387,126390499
0,173758947,181727178,208312660,144859420
0,209804649,153698562,194918735,158152723
0,169220494,205651207,160813640,199522628
0,193436185,185658260,184951102,78075372
0,194123392,207158994,89456717,209306971
0,198600357,197976154,44432219,57813148
0,187225322,211503780,130147635,130325354
0,204911329,112747624,160172420,136713486
0,207469777,206681737,123309566,206268985
0,159376785,179882125,128603620,132604735
0,188954785,131396469,36933815,158498004
0,191321345,139814869,68567686,166569512
0,189436605,139909204,193457235,92579171
0,192944095,150564123,183378741,163011784
0,190546545,127336826,78068950,129078813
0,192078202,197937361,189977167,199490366
0,199927465,139426898,165233320,176713978
0,180666946,133440258,134012864,209770247
0,163142415,212868723,174689150,179916410
0,180613841,55551273,114997420,26668202
0,181939618,213733149,126555847,184915140
0,211047288,139427772,156782609,191307581
0,200731171,206285817,204703901,203672672
0,105151293,131493764,129656760,95677965
0,201929335,195178663,211362733,191554072
0,198169825,215678103,195665362,6690659
0,202007499,203568973,206574100,213085090
0,165083829,110717311,133988124,205155006
0,215210496,177348445,201455078,193066303
0,137174212,184613746,208657108,137033486
0,113790430,188765891,193948267,206148884
0,212598506,183883874,113135717,198231285
0,176678131,122467595,119592293,54736878
0,190952811,181009080,105816742,209667808
0,180817163,114354190,202014524,209194647
0,204449585,213084049,43338782,208606308
0,141157377,65435899,99720046,183951713
0,215371072,195568435,113601205,187339812
0,209966603,144388111,31083657,185120670
0,176532338,209956276,106344058,166631951
0,193598932,203884929,214766922,43308742
0,157912285,206492552,80124554,213810110
0,175716858,208742206,16052702,209179607
0,210962460,181364552,53331292,198639542
0,128994958,170358115,100659317,209584693
0,209584172,188147101,72897232,209481393
0,183773121,183946046,25029614,130616091
0,177991519,179137915,197688963,191861359
0,188015157,140965013,203666998,204797410
0,207656544,200505985,100056678,147687590
0,205954303,182330686,176320123,208621746
0,49032725,197785050,140690456,160093036
0,208133372,119152687,53869625,166958247
0,174355104,206186704,208917238,191662641
0,210638346,205804353,121572798,111832838
0,211893743,144744916,207946500,27604553
0,201666981,183846741,34109288,137688293
0,145034889,180936629,164847327,211212226
0,41821929,205408943,111865108,165576971
0,182451976,73369726,29517087,124968277
0,134711183,127487178,174870639,208584957
0,187832050,172574226,167983125,213416238
0,188585278,118158543,211950429,100874816
0,180095819,202232277,16784542,153645811
0,178455758,180286595,198005021,195857701
0,115209508,177124255,152529547,17156816
0,174769690,186199526,188605259,81121143
0,100459835,203446209,202429818,123656518
0,182844338,203761515,213232634,163550824
0,209552350,200082065,135094921,103400085
0,153790983,60423411,191462727,149646038
0,152813684,212090364,93181938,164948676
0,184069171,138609221,119892988,195351852
0,210660858,205352556,199923631,178674426
0,205967135,171002378,196065595,77454970
0,178375444,102271084,207666648,206063842
0,178552459,99936646,189844551,194998290
0,65530974,169023044,205207753,197718787
0,204245787,202284476,119150286,173588466
0,121926653,201544142,86194367,194011366
0,153550483,199970000,128151874,212839462
0,204590503,203886210,165781887,205696760
0,172313555,172822673,115303949,191702609
0,145459215,184295682,206891371,174933081
0,133811767,211838097,211631348,207351421
0,196212938,74501268,686389,209126409
0,206174678,110732223,135776482,212498286
0,204891079,212962666,84302276,168179943
0,202252263,206555216,213111996,176914890
0,70307592,166538368,190888106,213086023
0,178436968,146174982,191435078,201485638
0,72621498,183946107,194155106,208092435
0,133792343,206338762,133375738,193577712
0,166290231,114559171,208899274,213009028
0,213242571,204121640,203387236,202775712
0,202758210,208731646,67087194,144332119
0,207243964,104032713,163435687,90105968
0,158778091,141033877,67087194,4423627
0,206264565,191102297,119966298,205310338
0,194981540,205725757,89522921,67502141
0,65590693,194895235,177334361,163598275
0,123469637,155044799,76230111,42876230
0,117799587,192047541,211078764,188679802
0,127826565,201905119,104537950,145948495
0,186812935,183596730,161911420,192356452
0,215609507,167531330,76621772,200139770
0,207326970,187256682,161036009,192553571
0,122589443,201173634,214575072,206005381
0,179534069,168129100,199609590,186812283
0,152181721,206882660,198253464,212848233
0,200222063,185215828,154706983,181451601
0,202209900,192824591,204882323,200758526
0,206706084,197307051,147446070,206707489
0,203893624,163176501,150419654,207799718
0,177747645,214249100,178461625,202214453
0,206386118,112425197,195275408,195298679
0,151954619,140961144,208076527,206715332
0,210286349,161568039,53360713,108663214
0,93939490,201642288,204410020,144423927
0,148554371,173047938,206571439,207459533
0,167161308,202780224,145141200,160820663
0,188083025,210965050,143356856,94646377
0,214057848,178955984,127877752,209983585
0,155157012,53038803,207078519,192558827
0,191062997,103797064,162062652,138053977
0,184199865,184044769,14556471,193313093
0,185367573,197923351,119146029,184403852
0,198172187,82484535,198745091,177309131
0,211602571,194824468,174084229,193827341
0,40482037,211581867,142712862,145200225
0,123373616,212325495,14392861,170654676
0,208654587,184933527,182677879,193027735
0,204679603,208446453,201240658,200463915
0,208861516,173543476,211966389,167696857
0,92940754,59502701,205889417,209579832
